#
# A fatal error has been detected by the Java Runtime Environment:
#
#  SIGSEGV (0xb) at pc=0x0000794ded9d2de4, pid=18420, tid=18435
#
# JRE version: OpenJDK Runtime Environment (21.0.7) (build 21.0.7+-13880790-b1038.58)
# Java VM: OpenJDK 64-Bit Server VM (21.0.7+-13880790-b1038.58, mixed mode, tiered, compressed oops, compressed class ptrs, g1 gc, linux-amd64)
# Problematic frame:
# V  [libjvm.so+0xfd2de4]  bool ConcurrentHashTable<SymbolTableConfig, (MEMFLAGS)11>::BulkDeleteTask::do_task<SymbolTableDeleteCheck, SymbolTableDoDelete>(Thread*, SymbolTableDeleteCheck&, SymbolTableDoDelete&)+0xf4
#
# Core dump will be written. Default location: Core dumps may be processed with "/usr/share/apport/apport -p%p -s%s -c%c -d%d -P%P -u%u -g%g -F%F -- %E" (or dumping to /home/etienne/AndroidStudioProjects/Oblivion/core.18420)
#
# If you would like to submit a bug report, please visit:
#   https://youtrack.jetbrains.com/issues/JBR
#

---------------  S U M M A R Y ------------

Command Line: --add-opens=java.base/java.lang=ALL-UNNAMED --add-opens=java.base/java.lang.invoke=ALL-UNNAMED --add-opens=java.base/java.util=ALL-UNNAMED --add-opens=java.prefs/java.util.prefs=ALL-UNNAMED --add-exports=jdk.compiler/com.sun.tools.javac.api=ALL-UNNAMED --add-exports=jdk.compiler/com.sun.tools.javac.util=ALL-UNNAMED --add-opens=java.base/java.util=ALL-UNNAMED --add-opens=java.prefs/java.util.prefs=ALL-UNNAMED --add-opens=java.base/java.nio.charset=ALL-UNNAMED --add-opens=java.base/java.net=ALL-UNNAMED --add-opens=java.base/java.util.concurrent.atomic=ALL-UNNAMED --add-opens=java.xml/javax.xml.namespace=ALL-UNNAMED -Xmx2048m -Dfile.encoding=UTF-8 -Duser.country=US -Duser.language=en -Duser.variant -javaagent:/home/etienne/.gradle/wrapper/dists/gradle-8.13-bin/5xuhj0ry160q40clulazy9h7d/gradle-8.13/lib/agents/gradle-instrumentation-agent-8.13.jar -Dawt.toolkit.name=XToolkit org.gradle.launcher.daemon.bootstrap.GradleDaemon 8.13

Host: Intel(R) Core(TM) i5-10400F CPU @ 2.90GHz, 12 cores, 15G, Ubuntu 24.04.2 LTS
Time: Fri Sep 26 12:43:49 2025 CEST elapsed time: 69.018369 seconds (0d 0h 1m 9s)

---------------  T H R E A D  ---------------

Current thread (0x0000794de8294170):  JavaThread "Service Thread" daemon [_thread_in_vm, id=18435, stack(0x0000794dbb400000,0x0000794dbb500000) (1024K)]

Stack: [0x0000794dbb400000,0x0000794dbb500000],  sp=0x0000794dbb4fe370,  free space=1016k
Native frames: (J=compiled Java code, j=interpreted, Vv=VM code, C=native code)
V  [libjvm.so+0xfd2de4]  bool ConcurrentHashTable<SymbolTableConfig, (MEMFLAGS)11>::BulkDeleteTask::do_task<SymbolTableDeleteCheck, SymbolTableDoDelete>(Thread*, SymbolTableDeleteCheck&, SymbolTableDoDelete&)+0xf4
V  [libjvm.so+0xfd1552]  SymbolTable::clean_dead_entries(JavaThread*)+0x1f2
V  [libjvm.so+0xfd167a]  SymbolTable::do_concurrent_work(JavaThread*)+0x9a
V  [libjvm.so+0xf089cd]  ServiceThread::service_thread_entry(JavaThread*, JavaThread*)+0x33d
V  [libjvm.so+0xabd8f0]  JavaThread::thread_main_inner()+0x90
V  [libjvm.so+0x101381e]  Thread::call_run()+0xae
V  [libjvm.so+0xe60c14]  thread_native_entry(Thread*)+0x114
C  [libc.so.6+0x9caa4]

siginfo: si_signo: 11 (SIGSEGV), si_code: 128 (SI_KERNEL), si_addr: 0x0000000000000000

Registers:
RAX=0x0400000000000000, RBX=0x0000794d94048a80, RCX=0x00000000f9e6ffff, RDX=0x0000794dbb4fec90
RSP=0x0000794dbb4fe370, RBP=0x0000794dbb4fec10, RSI=0x0000794de8294170, RDI=0x0000794dbb4fec60
R8 =0x0000000794ca4063, R9 =0x0000000000000007, R10=0x0000794ca4063c40, R11=0x337fc3f8a39c528c
R12=0x0000794dbb4fec90, R13=0x0000794dbb4fec90, R14=0x0000000000000000, R15=0x0000000000005778
RIP=0x0000794ded9d2de4, EFLAGS=0x0000000000010206, CSGSFS=0x002b000000000033, ERR=0x0000000000000000
  TRAPNO=0x000000000000000d

XMM[0]=0x0000794ca4000090 0x0000794ca406f6b0
XMM[1]=0x0000000000000000 0x0000794ca4000090
XMM[2]=0x4530000000000000 0x4330000000000000
XMM[3]=0x0000000000000000 0x40f0000000000000
XMM[4]=0x0000000000000000 0x0000000000000000
XMM[5]=0x0000000000100000 0x0000794dee22fc17
XMM[6]=0x0000000000000000 0x0000794d94000c70
XMM[7]=0x0000794dbb4ff6c0 0x0000794de8294170
XMM[8]=0x0000000000000000 0x0000794de81b2ee0
XMM[9]=0x6161616115190415 0x0f0e220d0e13150f
XMM[10]=0x0e22121204020220 0x050415081304090f
XMM[11]=0x9999999999999999 0x9999999999999999
XMM[12]=0x2020202020202020 0x2020202020202020
XMM[13]=0x0000000000000000 0x0000000000000000
XMM[14]=0x0000000000000000 0x0000000000000000
XMM[15]=0x0000000000000000 0x0000000000000000
  MXCSR=0x00001fa3


Register to memory mapping:

RAX=0x0400000000000000 is an unknown value
RBX=0x0000794d94048a80 points into unknown readable memory: 0x0000794c8805a680 | 80 a6 05 88 4c 79 00 00
RCX=0x00000000f9e6ffff is an unallocated location in the heap
RDX=0x0000794dbb4fec90 is pointing into the stack for thread: 0x0000794de8294170
RSP=0x0000794dbb4fe370 is pointing into the stack for thread: 0x0000794de8294170
RBP=0x0000794dbb4fec10 is pointing into the stack for thread: 0x0000794de8294170
RSI=0x0000794de8294170 is a thread
RDI=0x0000794dbb4fec60 is pointing into the stack for thread: 0x0000794de8294170
R8 =0x0000000794ca4063 is an unknown value
R9 =0x0000000000000007 is an unknown value
R10=0x0000794ca4063c40 points into unknown readable memory: 0x0000794b30cad793 | 93 d7 ca 30 4b 79 00 00
R11=0x337fc3f8a39c528c is an unknown value
R12=0x0000794dbb4fec90 is pointing into the stack for thread: 0x0000794de8294170
R13=0x0000794dbb4fec90 is pointing into the stack for thread: 0x0000794de8294170
R14=0x0 is null
R15=0x0000000000005778 is an unknown value

Top of Stack: (sp=0x0000794dbb4fe370)
0x0000794dbb4fe370:   0000794ca4063c40 0000000000000000
0x0000794dbb4fe380:   0000000000000000 0000000000000000
0x0000794dbb4fe390:   0000000000000000 0000000000000000
0x0000794dbb4fe3a0:   0000000000000000 0000000000000000
0x0000794dbb4fe3b0:   0000000000000000 0000000000000000
0x0000794dbb4fe3c0:   0000000000000000 0000000000000000
0x0000794dbb4fe3d0:   0000000000000000 0000000000000000
0x0000794dbb4fe3e0:   0000000000000000 0000000000000000
0x0000794dbb4fe3f0:   0000000000000000 0000000000000000
0x0000794dbb4fe400:   0000000000000000 0000000000000000
0x0000794dbb4fe410:   0000000000000000 0000000000000000
0x0000794dbb4fe420:   0000000000000000 0000000000000000
0x0000794dbb4fe430:   0000000000000000 0000000000000000
0x0000794dbb4fe440:   0000000000000000 0000000000000000
0x0000794dbb4fe450:   0000000000000000 0000000000000000
0x0000794dbb4fe460:   0000000000000000 0000000000000000
0x0000794dbb4fe470:   0000000000000000 0000000000000000
0x0000794dbb4fe480:   0000000000000000 0000000000000000
0x0000794dbb4fe490:   0000000000000000 0000000000000000
0x0000794dbb4fe4a0:   0000000000000000 0000000000000000
0x0000794dbb4fe4b0:   0000000000000000 0000000000000000
0x0000794dbb4fe4c0:   0000000000000000 0000000000000000
0x0000794dbb4fe4d0:   0000000000000000 0000000000000000
0x0000794dbb4fe4e0:   0000000000000000 0000000000000000
0x0000794dbb4fe4f0:   0000000000000000 0000000000000000
0x0000794dbb4fe500:   0000000000000000 0000000000000000
0x0000794dbb4fe510:   0000000000000000 0000000000000000
0x0000794dbb4fe520:   0000000000000000 0000000000000000
0x0000794dbb4fe530:   0000000000000000 0000000000000000
0x0000794dbb4fe540:   0000000000000000 0000000000000000
0x0000794dbb4fe550:   0000000000000000 0000000000000000
0x0000794dbb4fe560:   0000000000000000 0000000000000000 

Instructions: (pc=0x0000794ded9d2de4)
0x0000794ded9d2ce4:   48 81 c4 d0 00 00 00 5d c3 cc cc cc 55 48 89 e5
0x0000794ded9d2cf4:   41 57 41 56 41 55 41 54 53 48 81 ec 78 08 00 00
0x0000794ded9d2d04:   48 89 8d 68 ff ff ff 48 89 75 b0 48 8b 47 08 48
0x0000794ded9d2d14:   3b 47 10 0f 83 73 05 00 00 48 8d 47 08 4c 8b 7f
0x0000794ded9d2d24:   18 f0 4c 0f c1 38 48 8b 47 10 49 39 c7 0f 83 59
0x0000794ded9d2d34:   05 00 00 49 89 d4 48 8b 4f 18 4c 01 f9 48 39 c1
0x0000794ded9d2d44:   48 0f 43 c8 48 89 4d 90 48 8b 07 0f b6 4f 20 88
0x0000794ded9d2d54:   4d d7 48 89 45 98 48 8b 40 10 48 89 85 70 ff ff
0x0000794ded9d2d64:   ff 48 8b 45 b0 48 8d 88 a8 01 00 00 48 89 4d c0
0x0000794ded9d2d74:   4c 8b b0 a8 01 00 00 4c 89 f0 41 f6 c6 01 75 12
0x0000794ded9d2d84:   48 8d 05 c5 ee 20 00 48 8b 80 80 00 00 00 48 83
0x0000794ded9d2d94:   c8 01 48 8b 4d c0 48 87 01 4c 3b 7d 90 0f 83 ed
0x0000794ded9d2da4:   04 00 00 4c 89 a5 78 ff ff ff eb 11 4c 8b 7d a8
0x0000794ded9d2db4:   49 ff c7 4c 3b 7d 90 0f 84 d3 04 00 00 48 8b 85
0x0000794ded9d2dc4:   70 ff ff ff 48 8b 08 4a 8b 04 f9 48 83 e0 fc 74
0x0000794ded9d2dd4:   df 4a 8d 1c f9 0f 1f 80 00 00 00 00 49 ff 04 24
0x0000794ded9d2de4:   8b 48 08 66 85 c9 74 14 48 8b 00 48 85 c0 75 ec
0x0000794ded9d2df4:   eb be 66 2e 0f 1f 84 00 00 00 00 00 48 8b 45 c0
0x0000794ded9d2e04:   4c 89 30 66 0f 1f 84 00 00 00 00 00 45 31 f6 48
0x0000794ded9d2e14:   8b 03 a8 01 75 2a eb 10 0f 1f 40 00 e8 8b 18 d5
0x0000794ded9d2e24:   ff 48 8b 03 a8 01 75 18 48 8b 0b 48 83 e1 fc 48
0x0000794ded9d2e34:   8d 51 01 48 89 c8 f0 48 0f b1 13 48 39 c8 74 1c
0x0000794ded9d2e44:   41 ff c6 41 81 fe 00 20 00 00 75 d0 e8 0b b8 e9
0x0000794ded9d2e54:   ff eb b9 66 0f 1f 84 00 00 00 00 00 4c 89 7d a8
0x0000794ded9d2e64:   4c 8b 33 49 83 e6 fc 0f 84 37 02 00 00 45 31 c0
0x0000794ded9d2e74:   48 c7 45 c8 00 00 00 00 45 31 ff 45 31 ed 48 89
0x0000794ded9d2e84:   de eb 1b 66 0f 1f 84 00 00 00 00 00 49 8b 06 4c
0x0000794ded9d2e94:   89 f6 49 89 c6 48 85 c0 0f 84 14 02 00 00 49 ff
0x0000794ded9d2ea4:   04 24 41 8b 46 08 66 85 c0 75 e1 49 81 fd ff 00
0x0000794ded9d2eb4:   00 00 77 13 4a 8d 04 ed 60 f7 ff ff 48 01 e8 45
0x0000794ded9d2ec4:   89 c1 e9 b0 01 00 00 49 81 fd ff ff ff 7f 0f 83
0x0000794ded9d2ed4:   d7 03 00 00 4c 89 6d a0 45 8d 48 01 44 3b 45 c8 


Stack slot to memory mapping:

stack at sp + 0 slots: 0x0000794ca4063c40 points into unknown readable memory: 0x0000794b30cad793 | 93 d7 ca 30 4b 79 00 00
stack at sp + 1 slots: 0x0 is null
stack at sp + 2 slots: 0x0 is null
stack at sp + 3 slots: 0x0 is null
stack at sp + 4 slots: 0x0 is null
stack at sp + 5 slots: 0x0 is null
stack at sp + 6 slots: 0x0 is null
stack at sp + 7 slots: 0x0 is null


---------------  P R O C E S S  ---------------

Threads class SMR info:
_java_thread_list=0x0000794d180bc030, length=157, elements={
0x0000794de802e010, 0x0000794de8283bc0, 0x0000794de82900f0, 0x0000794de82912b0,
0x0000794de8292b30, 0x0000794de8294170, 0x0000794de829d980, 0x0000794de829eea0,
0x0000794de82a0550, 0x0000794de83d0f50, 0x0000794de9543920, 0x0000794de95c3c10,
0x0000794de9601af0, 0x0000794d700158e0, 0x0000794d680097d0, 0x0000794d54229620,
0x0000794d54232400, 0x0000794d54241d80, 0x0000794d54b1d600, 0x0000794d54b20030,
0x0000794d54c755d0, 0x0000794d54c93fc0, 0x0000794d54e73980, 0x0000794d54fc0770,
0x0000794d55554f50, 0x0000794d5555de10, 0x0000794d55568100, 0x0000794d5556aad0,
0x0000794d5556bad0, 0x0000794d56556470, 0x0000794d573d42e0, 0x0000794d080c9a60,
0x0000794d1807d800, 0x0000794d180a57e0, 0x0000794d180b7d00, 0x0000794d180c9ba0,
0x0000794d180cb9d0, 0x0000794c8c0052b0, 0x0000794ca40d8040, 0x0000794cbc009ac0,
0x0000794cb8012190, 0x0000794cc400b0b0, 0x0000794cc0005870, 0x0000794ccc00f170,
0x0000794cc800f8d0, 0x0000794cd0005fc0, 0x0000794cd4002960, 0x0000794ce0008ce0,
0x0000794cdc00fcc0, 0x0000794d6800d1c0, 0x0000794d68001410, 0x0000794d680105e0,
0x0000794d54008630, 0x0000794d5400bbe0, 0x0000794d5400e770, 0x0000794d5553c210,
0x0000794d55cfc3d0, 0x0000794d55cda890, 0x0000794d55ce8cb0, 0x0000794d55cfb740,
0x0000794d55c7d1c0, 0x0000794d54a14810, 0x0000794d5554e5e0, 0x0000794d5553f930,
0x0000794d5554f860, 0x0000794d555632c0, 0x0000794d55ce3450, 0x0000794d55564560,
0x0000794d55cf21e0, 0x0000794d55cfed60, 0x0000794d55566b70, 0x0000794d55cf3940,
0x0000794d55d08040, 0x0000794d55cdd4f0, 0x0000794d55d06e70, 0x0000794d55cf7a70,
0x0000794d55565860, 0x0000794d55540bd0, 0x0000794d55d05a50, 0x0000794d55ceb980,
0x0000794d5554c4f0, 0x0000794d55cde830, 0x0000794d5553e470, 0x0000794d55c7e5e0,
0x0000794d55cf62d0, 0x0000794d55cf0fe0, 0x0000794d55d044e0, 0x0000794d55ce0980,
0x0000794d55cea220, 0x0000794d55ce47a0, 0x0000794d55cdf830, 0x0000794d1400a2a0,
0x0000794d1400d540, 0x0000794d1400aee0, 0x0000794d140077d0, 0x0000794d14008390,
0x0000794d14009440, 0x0000794d14012620, 0x0000794d14013b50, 0x0000794d14014c90,
0x0000794d20003720, 0x0000794d14015de0, 0x0000794d14016f40, 0x0000794d20006dd0,
0x0000794d20007ba0, 0x0000794d20008d10, 0x0000794d20009e80, 0x0000794d2000b000,
0x0000794d2000c180, 0x0000794d2000d310, 0x0000794d2000e890, 0x0000794d2000fe20,
0x0000794d200113b0, 0x0000794d20012950, 0x0000794d28001b80, 0x0000794d28002660,
0x0000794d28006000, 0x0000794d28007000, 0x0000794d280081d0, 0x0000794d28009790,
0x0000794d2800a970, 0x0000794d2800bf50, 0x0000794d2800d530, 0x0000794d2800e730,
0x0000794d2800f930, 0x0000794d28010f30, 0x0000794d280127c0, 0x0000794d28013b50,
0x0000794d28015160, 0x0000794d28015f70, 0x0000794d28017170, 0x0000794d28018370,
0x0000794d28019570, 0x0000794d2801a780, 0x0000794d2801b590, 0x0000794d2801c790,
0x0000794d2801d990, 0x0000794d2801f690, 0x0000794d28020880, 0x0000794d28021690,
0x0000794d28022890, 0x0000794d28023aa0, 0x0000794d28024cb0, 0x0000794d28025d40,
0x0000794d28026b50, 0x0000794d28027d60, 0x0000794d28028f70, 0x0000794d2802a170,
0x0000794d28037190, 0x0000794d28037ed0, 0x0000794d2803be40, 0x0000794d28042680,
0x0000794c7c0c87a0, 0x0000794c7c185c90, 0x0000794c7c0ca9c0, 0x0000794c7c0bf850,
0x0000794c7c0d6690
}
_to_delete_list=0x0000794c7c102dc0
Skipping _to_delete_list fields and contents for safety.

Java Threads: ( => current thread )
  0x0000794de802e010 JavaThread "main"                              [_thread_blocked, id=18423, stack(0x0000794dedd00000,0x0000794dede00000) (1024K)]
  0x0000794de8283bc0 JavaThread "Common-Cleaner"             daemon [_thread_blocked, id=18431, stack(0x0000794dbbdff000,0x0000794dbbeff000) (1024K)]
  0x0000794de82900f0 JavaThread "Reference Handler"          daemon [_thread_blocked, id=18432, stack(0x0000794dbb700000,0x0000794dbb800000) (1024K)]
  0x0000794de82912b0 JavaThread "Finalizer"                  daemon [_thread_blocked, id=18433, stack(0x0000794dbb600000,0x0000794dbb700000) (1024K)]
  0x0000794de8292b30 JavaThread "Signal Dispatcher"          daemon [_thread_blocked, id=18434, stack(0x0000794dbb500000,0x0000794dbb600000) (1024K)]
=>0x0000794de8294170 JavaThread "Service Thread"             daemon [_thread_in_vm, id=18435, stack(0x0000794dbb400000,0x0000794dbb500000) (1024K)]
  0x0000794de829d980 JavaThread "Monitor Deflation Thread"   daemon [_thread_blocked, id=18436, stack(0x0000794dbb300000,0x0000794dbb400000) (1024K)]
  0x0000794de829eea0 JavaThread "C2 CompilerThread0"         daemon [_thread_in_vm, id=18437, stack(0x0000794dbb200000,0x0000794dbb300000) (1024K)]
  0x0000794de82a0550 JavaThread "C1 CompilerThread0"         daemon [_thread_in_vm, id=18438, stack(0x0000794dbb100000,0x0000794dbb200000) (1024K)] _threads_hazard_ptr=0x0000794d180bc030
  0x0000794de83d0f50 JavaThread "Notification Thread"        daemon [_thread_blocked, id=18439, stack(0x0000794dbb000000,0x0000794dbb100000) (1024K)]
  0x0000794de9543920 JavaThread "Daemon health stats"               [_thread_blocked, id=18445, stack(0x0000794dba700000,0x0000794dba800000) (1024K)]
  0x0000794de95c3c10 JavaThread "Incoming local TCP Connector on port 32989"        [_thread_in_native, id=18446, stack(0x0000794dba600000,0x0000794dba700000) (1024K)]
  0x0000794de9601af0 JavaThread "Daemon periodic checks"            [_thread_blocked, id=18447, stack(0x0000794dba500000,0x0000794dba600000) (1024K)]
  0x0000794d700158e0 JavaThread "Daemon"                            [_thread_blocked, id=18448, stack(0x0000794dba400000,0x0000794dba500000) (1024K)]
  0x0000794d680097d0 JavaThread "Daemon worker"                     [_thread_blocked, id=18451, stack(0x0000794dba100000,0x0000794dba200000) (1024K)]
  0x0000794d54229620 JavaThread "Cache worker for journal cache (/home/etienne/.gradle/caches/journal-1)"        [_thread_blocked, id=18461, stack(0x0000794db96fa000,0x0000794db97fa000) (1024K)]
  0x0000794d54232400 JavaThread "File lock request listener"        [_thread_in_native, id=18462, stack(0x0000794db95fa000,0x0000794db96fa000) (1024K)]
  0x0000794d54241d80 JavaThread "Cache worker for file hash cache (/home/etienne/.gradle/caches/8.13/fileHashes)"        [_thread_blocked, id=18463, stack(0x0000794db94fa000,0x0000794db95fa000) (1024K)]
  0x0000794d54b1d600 JavaThread "File watcher server"        daemon [_thread_blocked, id=18466, stack(0x0000794db91fa000,0x0000794db92fa000) (1024K)]
  0x0000794d54b20030 JavaThread "File watcher consumer"      daemon [_thread_blocked, id=18467, stack(0x0000794db90fa000,0x0000794db91fa000) (1024K)]
  0x0000794d54c755d0 JavaThread "jar transforms"                    [_thread_blocked, id=18468, stack(0x0000794db8ffa000,0x0000794db90fa000) (1024K)]
  0x0000794d54c93fc0 JavaThread "jar transforms Thread 2"           [_thread_blocked, id=18469, stack(0x0000794db8efa000,0x0000794db8ffa000) (1024K)]
  0x0000794d54e73980 JavaThread "Cache worker for file content cache (/home/etienne/.gradle/caches/8.13/fileContent)"        [_thread_blocked, id=18471, stack(0x0000794db8cfa000,0x0000794db8dfa000) (1024K)]
  0x0000794d54fc0770 JavaThread "jar transforms Thread 3"           [_thread_blocked, id=18472, stack(0x0000794db8bfa000,0x0000794db8cfa000) (1024K)]
  0x0000794d55554f50 JavaThread "jar transforms Thread 4"           [_thread_blocked, id=18483, stack(0x0000794db8008000,0x0000794db8108000) (1024K)]
  0x0000794d5555de10 JavaThread "jar transforms Thread 5"           [_thread_blocked, id=18484, stack(0x0000794cdbf00000,0x0000794cdc000000) (1024K)]
  0x0000794d55568100 JavaThread "jar transforms Thread 6"           [_thread_blocked, id=18489, stack(0x0000794cdba00000,0x0000794cdbb00000) (1024K)]
  0x0000794d5556aad0 JavaThread "jar transforms Thread 7"           [_thread_blocked, id=18490, stack(0x0000794cdb900000,0x0000794cdba00000) (1024K)]
  0x0000794d5556bad0 JavaThread "jar transforms Thread 8"           [_thread_blocked, id=18491, stack(0x0000794cdb800000,0x0000794cdb900000) (1024K)]
  0x0000794d56556470 JavaThread "Memory manager"                    [_thread_blocked, id=18530, stack(0x0000794cd9500000,0x0000794cd9600000) (1024K)]
  0x0000794d573d42e0 JavaThread "included builds"                   [_thread_blocked, id=18534, stack(0x0000794cd9200000,0x0000794cd9300000) (1024K)]
  0x0000794d080c9a60 JavaThread "process reaper"             daemon [_thread_blocked, id=18634, stack(0x0000794dec000000,0x0000794dec022000) (136K)]
  0x0000794d1807d800 JavaThread "process reaper (pid 18729)" daemon [_thread_in_native, id=18730, stack(0x0000794de7f83000,0x0000794de7fa5000) (136K)]
  0x0000794d180a57e0 JavaThread "RMI Scheduler(0)"           daemon [_thread_blocked, id=18754, stack(0x0000794c43000000,0x0000794c43100000) (1024K)]
  0x0000794d180b7d00 JavaThread "RMI GC Daemon"              daemon [_thread_blocked, id=18758, stack(0x0000794c42e00000,0x0000794c42f00000) (1024K)]
  0x0000794d180c9ba0 JavaThread "RMI TCP Accept-0"           daemon [_thread_in_native, id=18762, stack(0x0000794c42d00000,0x0000794c42e00000) (1024K)]
  0x0000794d180cb9d0 JavaThread "RMI Reaper"                        [_thread_blocked, id=18763, stack(0x0000794c42c00000,0x0000794c42d00000) (1024K)]
  0x0000794c8c0052b0 JavaThread "RMI TCP Connection(idle)"   daemon [_thread_blocked, id=18765, stack(0x0000794c42b00000,0x0000794c42c00000) (1024K)]
  0x0000794ca40d8040 JavaThread "ForkJoinPool.commonPool-worker-1" daemon [_thread_blocked, id=18947, stack(0x0000794c42f00000,0x0000794c43000000) (1024K)]
  0x0000794cbc009ac0 JavaThread "ForkJoinPool.commonPool-worker-2" daemon [_thread_blocked, id=18948, stack(0x0000794c42100000,0x0000794c42200000) (1024K)]
  0x0000794cb8012190 JavaThread "ForkJoinPool.commonPool-worker-3" daemon [_thread_blocked, id=18949, stack(0x0000794c42000000,0x0000794c42100000) (1024K)]
  0x0000794cc400b0b0 JavaThread "ForkJoinPool.commonPool-worker-4" daemon [_thread_blocked, id=18950, stack(0x0000794c3df00000,0x0000794c3e000000) (1024K)]
  0x0000794cc0005870 JavaThread "ForkJoinPool.commonPool-worker-5" daemon [_thread_blocked, id=18951, stack(0x0000794c3de00000,0x0000794c3df00000) (1024K)]
  0x0000794ccc00f170 JavaThread "ForkJoinPool.commonPool-worker-6" daemon [_thread_blocked, id=18952, stack(0x0000794c3dd00000,0x0000794c3de00000) (1024K)]
  0x0000794cc800f8d0 JavaThread "ForkJoinPool.commonPool-worker-7" daemon [_thread_blocked, id=18953, stack(0x0000794c3dc00000,0x0000794c3dd00000) (1024K)]
  0x0000794cd0005fc0 JavaThread "ForkJoinPool.commonPool-worker-8" daemon [_thread_blocked, id=18954, stack(0x0000794c3db00000,0x0000794c3dc00000) (1024K)]
  0x0000794cd4002960 JavaThread "ForkJoinPool.commonPool-worker-9" daemon [_thread_blocked, id=18955, stack(0x0000794c3da00000,0x0000794c3db00000) (1024K)]
  0x0000794ce0008ce0 JavaThread "ForkJoinPool.commonPool-worker-10" daemon [_thread_blocked, id=18956, stack(0x0000794c3d900000,0x0000794c3da00000) (1024K)]
  0x0000794cdc00fcc0 JavaThread "ForkJoinPool.commonPool-worker-11" daemon [_thread_blocked, id=18957, stack(0x0000794c3d800000,0x0000794c3d900000) (1024K)]
  0x0000794d6800d1c0 JavaThread "VFS cleanup"                       [_thread_blocked, id=18976, stack(0x0000794dba000000,0x0000794dba100000) (1024K)]
  0x0000794d68001410 JavaThread "Handler for socket connection from /127.0.0.1:32989 to /127.0.0.1:42440"        [_thread_in_native, id=19238, stack(0x0000794cd9300000,0x0000794cd9400000) (1024K)]
  0x0000794d680105e0 JavaThread "Cancel handler"                    [_thread_blocked, id=19239, stack(0x0000794dba300000,0x0000794dba400000) (1024K)]
  0x0000794d54008630 JavaThread "Asynchronous log dispatcher for DefaultDaemonConnection: socket connection from /127.0.0.1:32989 to /127.0.0.1:42440"        [_thread_blocked, id=19240, stack(0x0000794dba200000,0x0000794dba300000) (1024K)]
  0x0000794d5400bbe0 JavaThread "Stdin handler"                     [_thread_blocked, id=19241, stack(0x0000794db9f00000,0x0000794dba000000) (1024K)]
  0x0000794d5400e770 JavaThread "Daemon client event forwarder"        [_thread_blocked, id=19242, stack(0x0000794db9e00000,0x0000794db9f00000) (1024K)]
  0x0000794d5553c210 JavaThread "Cache worker for file hash cache (/home/etienne/AndroidStudioProjects/Oblivion/.gradle/8.13/fileHashes)"        [_thread_blocked, id=19244, stack(0x0000794cda000000,0x0000794cda100000) (1024K)]
  0x0000794d55cfc3d0 JavaThread "Cache worker for Build Output Cleanup Cache (/home/etienne/AndroidStudioProjects/Oblivion/.gradle/buildOutputCleanup)"        [_thread_blocked, id=19245, stack(0x0000794cd9d00000,0x0000794cd9e00000) (1024K)]
  0x0000794d55cda890 JavaThread "Cache worker for checksums cache (/home/etienne/AndroidStudioProjects/Oblivion/.gradle/8.13/checksums)"        [_thread_blocked, id=19246, stack(0x0000794cd9900000,0x0000794cd9a00000) (1024K)]
  0x0000794d55ce8cb0 JavaThread "Cache worker for cache directory md-supplier (/home/etienne/.gradle/caches/8.13/md-supplier)"        [_thread_blocked, id=19247, stack(0x0000794c4d223000,0x0000794c4d323000) (1024K)]
  0x0000794d55cfb740 JavaThread "Cache worker for cache directory md-rule (/home/etienne/.gradle/caches/8.13/md-rule)"        [_thread_blocked, id=19248, stack(0x0000794c4cb23000,0x0000794c4cc23000) (1024K)]
  0x0000794d55c7d1c0 JavaThread "Unconstrained build operations"        [_thread_blocked, id=19249, stack(0x0000794c4c423000,0x0000794c4c523000) (1024K)]
  0x0000794d54a14810 JavaThread "Unconstrained build operations Thread 2"        [_thread_blocked, id=19250, stack(0x0000794c4f800000,0x0000794c4f900000) (1024K)]
  0x0000794d5554e5e0 JavaThread "Unconstrained build operations Thread 3"        [_thread_blocked, id=19251, stack(0x0000794c4c123000,0x0000794c4c223000) (1024K)]
  0x0000794d5553f930 JavaThread "Unconstrained build operations Thread 4"        [_thread_blocked, id=19252, stack(0x0000794c4db23000,0x0000794c4dc23000) (1024K)]
  0x0000794d5554f860 JavaThread "Unconstrained build operations Thread 5"        [_thread_blocked, id=19253, stack(0x0000794cda700000,0x0000794cda800000) (1024K)]
  0x0000794d555632c0 JavaThread "Unconstrained build operations Thread 6"        [_thread_blocked, id=19254, stack(0x0000794db8408000,0x0000794db8508000) (1024K)]
  0x0000794d55ce3450 JavaThread "Unconstrained build operations Thread 7"        [_thread_blocked, id=19255, stack(0x0000794c4c323000,0x0000794c4c423000) (1024K)]
  0x0000794d55564560 JavaThread "Unconstrained build operations Thread 8"        [_thread_blocked, id=19256, stack(0x0000794cdab00000,0x0000794cdac00000) (1024K)]
  0x0000794d55cf21e0 JavaThread "Unconstrained build operations Thread 9"        [_thread_blocked, id=19257, stack(0x0000794cdbd00000,0x0000794cdbe00000) (1024K)]
  0x0000794d55cfed60 JavaThread "Unconstrained build operations Thread 10"        [_thread_blocked, id=19258, stack(0x0000794c4f400000,0x0000794c4f500000) (1024K)]
  0x0000794d55566b70 JavaThread "Unconstrained build operations Thread 11"        [_thread_blocked, id=19259, stack(0x0000794cdb000000,0x0000794cdb100000) (1024K)]
  0x0000794d55cf3940 JavaThread "Unconstrained build operations Thread 12"        [_thread_blocked, id=19260, stack(0x0000794c4f300000,0x0000794c4f400000) (1024K)]
  0x0000794d55d08040 JavaThread "Unconstrained build operations Thread 13"        [_thread_blocked, id=19261, stack(0x0000794c4de23000,0x0000794c4df23000) (1024K)]
  0x0000794d55cdd4f0 JavaThread "Unconstrained build operations Thread 14"        [_thread_blocked, id=19262, stack(0x0000794cda600000,0x0000794cda700000) (1024K)]
  0x0000794d55d06e70 JavaThread "Unconstrained build operations Thread 15"        [_thread_blocked, id=19263, stack(0x0000794cda300000,0x0000794cda400000) (1024K)]
  0x0000794d55cf7a70 JavaThread "Unconstrained build operations Thread 16"        [_thread_blocked, id=19264, stack(0x0000794cda100000,0x0000794cda200000) (1024K)]
  0x0000794d55565860 JavaThread "Unconstrained build operations Thread 17"        [_thread_blocked, id=19265, stack(0x0000794c43800000,0x0000794c43900000) (1024K)]
  0x0000794d55540bd0 JavaThread "Unconstrained build operations Thread 18"        [_thread_blocked, id=19266, stack(0x0000794c4ca23000,0x0000794c4cb23000) (1024K)]
  0x0000794d55d05a50 JavaThread "Unconstrained build operations Thread 19"        [_thread_blocked, id=19267, stack(0x0000794cdb500000,0x0000794cdb600000) (1024K)]
  0x0000794d55ceb980 JavaThread "Unconstrained build operations Thread 20"        [_thread_blocked, id=19268, stack(0x0000794c4f000000,0x0000794c4f100000) (1024K)]
  0x0000794d5554c4f0 JavaThread "Unconstrained build operations Thread 21"        [_thread_blocked, id=19269, stack(0x0000794c4d923000,0x0000794c4da23000) (1024K)]
  0x0000794d55cde830 JavaThread "Unconstrained build operations Thread 22"        [_thread_blocked, id=19270, stack(0x0000794cdbb00000,0x0000794cdbc00000) (1024K)]
  0x0000794d5553e470 JavaThread "Unconstrained build operations Thread 23"        [_thread_blocked, id=19271, stack(0x0000794c4d823000,0x0000794c4d923000) (1024K)]
  0x0000794d55c7e5e0 JavaThread "Unconstrained build operations Thread 24"        [_thread_blocked, id=19272, stack(0x0000794c4e523000,0x0000794c4e623000) (1024K)]
  0x0000794d55cf62d0 JavaThread "Unconstrained build operations Thread 25"        [_thread_blocked, id=19273, stack(0x0000794cd9e00000,0x0000794cd9f00000) (1024K)]
  0x0000794d55cf0fe0 JavaThread "Unconstrained build operations Thread 26"        [_thread_blocked, id=19274, stack(0x0000794c4cd23000,0x0000794c4ce23000) (1024K)]
  0x0000794d55d044e0 JavaThread "Unconstrained build operations Thread 27"        [_thread_blocked, id=19275, stack(0x0000794db8708000,0x0000794db8808000) (1024K)]
  0x0000794d55ce0980 JavaThread "Unconstrained build operations Thread 28"        [_thread_blocked, id=19276, stack(0x0000794c4eb23000,0x0000794c4ec23000) (1024K)]
  0x0000794d55cea220 JavaThread "Unconstrained build operations Thread 29"        [_thread_blocked, id=19277, stack(0x0000794c4cf23000,0x0000794c4d023000) (1024K)]
  0x0000794d55ce47a0 JavaThread "Unconstrained build operations Thread 30"        [_thread_blocked, id=19278, stack(0x0000794db93fa000,0x0000794db94fa000) (1024K)]
  0x0000794d55cdf830 JavaThread "included builds"                   [_thread_blocked, id=19281, stack(0x0000794db8afa000,0x0000794db8bfa000) (1024K)]
  0x0000794d1400a2a0 JavaThread "Execution worker"                  [_thread_blocked, id=19282, stack(0x0000794db89fa000,0x0000794db8afa000) (1024K)]
  0x0000794d1400d540 JavaThread "Execution worker Thread 2"         [_thread_blocked, id=19283, stack(0x0000794db88fa000,0x0000794db89fa000) (1024K)]
  0x0000794d1400aee0 JavaThread "Execution worker Thread 3"         [_thread_blocked, id=19284, stack(0x0000794db8608000,0x0000794db8708000) (1024K)]
  0x0000794d140077d0 JavaThread "Execution worker Thread 4"         [_thread_blocked, id=19285, stack(0x0000794db8508000,0x0000794db8608000) (1024K)]
  0x0000794d14008390 JavaThread "Execution worker Thread 5"         [_thread_blocked, id=19286, stack(0x0000794db8308000,0x0000794db8408000) (1024K)]
  0x0000794d14009440 JavaThread "Execution worker Thread 6"         [_thread_blocked, id=19287, stack(0x0000794db8208000,0x0000794db8308000) (1024K)]
  0x0000794d14012620 JavaThread "Execution worker Thread 7"         [_thread_blocked, id=19288, stack(0x0000794db8108000,0x0000794db8208000) (1024K)]
  0x0000794d14013b50 JavaThread "Execution worker Thread 8"         [_thread_blocked, id=19289, stack(0x0000794cdbe00000,0x0000794cdbf00000) (1024K)]
  0x0000794d14014c90 JavaThread "Execution worker Thread 9"         [_thread_blocked, id=19290, stack(0x0000794cdbc00000,0x0000794cdbd00000) (1024K)]
  0x0000794d20003720 JavaThread "Cache worker for execution history cache (/home/etienne/AndroidStudioProjects/Oblivion/.gradle/8.13/executionHistory)"        [_thread_blocked, id=19291, stack(0x0000794cdb700000,0x0000794cdb800000) (1024K)]
  0x0000794d14015de0 JavaThread "Execution worker Thread 10"        [_thread_blocked, id=19292, stack(0x0000794cdb600000,0x0000794cdb700000) (1024K)]
  0x0000794d14016f40 JavaThread "Execution worker Thread 11"        [_thread_blocked, id=19293, stack(0x0000794cdb400000,0x0000794cdb500000) (1024K)]
  0x0000794d20006dd0 JavaThread "Unconstrained build operations Thread 31"        [_thread_blocked, id=19294, stack(0x0000794c4ce23000,0x0000794c4cf23000) (1024K)]
  0x0000794d20007ba0 JavaThread "Unconstrained build operations Thread 32"        [_thread_blocked, id=19295, stack(0x0000794cdb300000,0x0000794cdb400000) (1024K)]
  0x0000794d20008d10 JavaThread "Unconstrained build operations Thread 33"        [_thread_blocked, id=19296, stack(0x0000794cdb200000,0x0000794cdb300000) (1024K)]
  0x0000794d20009e80 JavaThread "Unconstrained build operations Thread 34"        [_thread_blocked, id=19297, stack(0x0000794cdb100000,0x0000794cdb200000) (1024K)]
  0x0000794d2000b000 JavaThread "Unconstrained build operations Thread 35"        [_thread_blocked, id=19298, stack(0x0000794cdaf00000,0x0000794cdb000000) (1024K)]
  0x0000794d2000c180 JavaThread "Unconstrained build operations Thread 36"        [_thread_blocked, id=19299, stack(0x0000794cdae00000,0x0000794cdaf00000) (1024K)]
  0x0000794d2000d310 JavaThread "Unconstrained build operations Thread 37"        [_thread_blocked, id=19300, stack(0x0000794cdad00000,0x0000794cdae00000) (1024K)]
  0x0000794d2000e890 JavaThread "Unconstrained build operations Thread 38"        [_thread_blocked, id=19301, stack(0x0000794cdac00000,0x0000794cdad00000) (1024K)]
  0x0000794d2000fe20 JavaThread "Unconstrained build operations Thread 39"        [_thread_blocked, id=19302, stack(0x0000794cdaa00000,0x0000794cdab00000) (1024K)]
  0x0000794d200113b0 JavaThread "Unconstrained build operations Thread 40"        [_thread_blocked, id=19303, stack(0x0000794cda900000,0x0000794cdaa00000) (1024K)]
  0x0000794d20012950 JavaThread "Unconstrained build operations Thread 41"        [_thread_blocked, id=19304, stack(0x0000794cda800000,0x0000794cda900000) (1024K)]
  0x0000794d28001b80 JavaThread "Unconstrained build operations Thread 42"        [_thread_blocked, id=19305, stack(0x0000794cda500000,0x0000794cda600000) (1024K)]
  0x0000794d28002660 JavaThread "Unconstrained build operations Thread 43"        [_thread_blocked, id=19306, stack(0x0000794cda400000,0x0000794cda500000) (1024K)]
  0x0000794d28006000 JavaThread "Unconstrained build operations Thread 44"        [_thread_blocked, id=19307, stack(0x0000794cda200000,0x0000794cda300000) (1024K)]
  0x0000794d28007000 JavaThread "Unconstrained build operations Thread 45"        [_thread_blocked, id=19308, stack(0x0000794cd9f00000,0x0000794cda000000) (1024K)]
  0x0000794d280081d0 JavaThread "Unconstrained build operations Thread 46"        [_thread_blocked, id=19309, stack(0x0000794cd9c00000,0x0000794cd9d00000) (1024K)]
  0x0000794d28009790 JavaThread "Unconstrained build operations Thread 47"        [_thread_blocked, id=19310, stack(0x0000794cd9b00000,0x0000794cd9c00000) (1024K)]
  0x0000794d2800a970 JavaThread "Unconstrained build operations Thread 48"        [_thread_blocked, id=19311, stack(0x0000794cd9a00000,0x0000794cd9b00000) (1024K)]
  0x0000794d2800bf50 JavaThread "Unconstrained build operations Thread 49"        [_thread_blocked, id=19312, stack(0x0000794cd9800000,0x0000794cd9900000) (1024K)]
  0x0000794d2800d530 JavaThread "Unconstrained build operations Thread 50"        [_thread_blocked, id=19313, stack(0x0000794cd9700000,0x0000794cd9800000) (1024K)]
  0x0000794d2800e730 JavaThread "Unconstrained build operations Thread 51"        [_thread_blocked, id=19314, stack(0x0000794cd9600000,0x0000794cd9700000) (1024K)]
  0x0000794d2800f930 JavaThread "Unconstrained build operations Thread 52"        [_thread_blocked, id=19315, stack(0x0000794cd9400000,0x0000794cd9500000) (1024K)]
  0x0000794d28010f30 JavaThread "Unconstrained build operations Thread 53"        [_thread_blocked, id=19316, stack(0x0000794cd9100000,0x0000794cd9200000) (1024K)]
  0x0000794d280127c0 JavaThread "Unconstrained build operations Thread 54"        [_thread_blocked, id=19318, stack(0x0000794cd9000000,0x0000794cd9100000) (1024K)]
  0x0000794d28013b50 JavaThread "Unconstrained build operations Thread 55"        [_thread_blocked, id=19319, stack(0x0000794cd8f00000,0x0000794cd9000000) (1024K)]
  0x0000794d28015160 JavaThread "Unconstrained build operations Thread 56"        [_thread_blocked, id=19320, stack(0x0000794cd8e00000,0x0000794cd8f00000) (1024K)]
  0x0000794d28015f70 JavaThread "Unconstrained build operations Thread 57"        [_thread_blocked, id=19321, stack(0x0000794cd8d00000,0x0000794cd8e00000) (1024K)]
  0x0000794d28017170 JavaThread "Unconstrained build operations Thread 58"        [_thread_blocked, id=19322, stack(0x0000794cd8c00000,0x0000794cd8d00000) (1024K)]
  0x0000794d28018370 JavaThread "Unconstrained build operations Thread 59"        [_thread_blocked, id=19323, stack(0x0000794cd8b00000,0x0000794cd8c00000) (1024K)]
  0x0000794d28019570 JavaThread "Unconstrained build operations Thread 60"        [_thread_blocked, id=19324, stack(0x0000794cd8a00000,0x0000794cd8b00000) (1024K)]
  0x0000794d2801a780 JavaThread "Unconstrained build operations Thread 61"        [_thread_blocked, id=19325, stack(0x0000794cd8900000,0x0000794cd8a00000) (1024K)]
  0x0000794d2801b590 JavaThread "Unconstrained build operations Thread 62"        [_thread_blocked, id=19326, stack(0x0000794cd8800000,0x0000794cd8900000) (1024K)]
  0x0000794d2801c790 JavaThread "Unconstrained build operations Thread 63"        [_thread_blocked, id=19327, stack(0x0000794cd8700000,0x0000794cd8800000) (1024K)]
  0x0000794d2801d990 JavaThread "Unconstrained build operations Thread 64"        [_thread_blocked, id=19328, stack(0x0000794cd8600000,0x0000794cd8700000) (1024K)]
  0x0000794d2801f690 JavaThread "Unconstrained build operations Thread 65"        [_thread_blocked, id=19329, stack(0x0000794cd8500000,0x0000794cd8600000) (1024K)]
  0x0000794d28020880 JavaThread "Unconstrained build operations Thread 66"        [_thread_blocked, id=19330, stack(0x0000794cd8400000,0x0000794cd8500000) (1024K)]
  0x0000794d28021690 JavaThread "Unconstrained build operations Thread 67"        [_thread_blocked, id=19331, stack(0x0000794cd8300000,0x0000794cd8400000) (1024K)]
  0x0000794d28022890 JavaThread "Unconstrained build operations Thread 68"        [_thread_blocked, id=19332, stack(0x0000794cd8200000,0x0000794cd8300000) (1024K)]
  0x0000794d28023aa0 JavaThread "Unconstrained build operations Thread 69"        [_thread_blocked, id=19333, stack(0x0000794cd8100000,0x0000794cd8200000) (1024K)]
  0x0000794d28024cb0 JavaThread "Unconstrained build operations Thread 70"        [_thread_blocked, id=19334, stack(0x0000794cd8000000,0x0000794cd8100000) (1024K)]
  0x0000794d28025d40 JavaThread "Unconstrained build operations Thread 71"        [_thread_blocked, id=19335, stack(0x0000794c4ff00000,0x0000794c50000000) (1024K)]
  0x0000794d28026b50 JavaThread "Unconstrained build operations Thread 72"        [_thread_blocked, id=19336, stack(0x0000794c4fe00000,0x0000794c4ff00000) (1024K)]
  0x0000794d28027d60 JavaThread "Unconstrained build operations Thread 73"        [_thread_blocked, id=19337, stack(0x0000794c4fd00000,0x0000794c4fe00000) (1024K)]
  0x0000794d28028f70 JavaThread "Unconstrained build operations Thread 74"        [_thread_blocked, id=19338, stack(0x0000794c4fc00000,0x0000794c4fd00000) (1024K)]
  0x0000794d2802a170 JavaThread "Unconstrained build operations Thread 75"        [_thread_blocked, id=19339, stack(0x0000794c4fb00000,0x0000794c4fc00000) (1024K)]
  0x0000794d28037190 JavaThread "WorkerExecutor Queue"              [_thread_blocked, id=19345, stack(0x0000794c4fa00000,0x0000794c4fb00000) (1024K)]
  0x0000794d28037ed0 JavaThread "WorkerExecutor Queue Thread 2"        [_thread_blocked, id=19346, stack(0x0000794c4f900000,0x0000794c4fa00000) (1024K)]
  0x0000794d2803be40 JavaThread "WorkerExecutor Queue Thread 3"        [_thread_blocked, id=19347, stack(0x0000794c4f700000,0x0000794c4f800000) (1024K)]
  0x0000794d28042680 JavaThread "WorkerExecutor Queue Thread 4"        [_thread_blocked, id=19348, stack(0x0000794c4f600000,0x0000794c4f700000) (1024K)]
  0x0000794c7c0c87a0 JavaThread "WorkerExecutor Queue Thread 5"        [_thread_blocked, id=19349, stack(0x0000794c4f500000,0x0000794c4f600000) (1024K)]
  0x0000794c7c185c90 JavaThread "WorkerExecutor Queue Thread 6"        [_thread_blocked, id=19350, stack(0x0000794c4f200000,0x0000794c4f300000) (1024K)]
  0x0000794c7c0ca9c0 JavaThread "WorkerExecutor Queue Thread 7"        [_thread_blocked, id=19351, stack(0x0000794c4f100000,0x0000794c4f200000) (1024K)]
  0x0000794c7c0bf850 JavaThread "WorkerExecutor Queue Thread 8"        [_thread_blocked, id=19352, stack(0x0000794c4ef00000,0x0000794c4f000000) (1024K)]
  0x0000794c7c0d6690 JavaThread "WorkerExecutor Queue Thread 9"        [_thread_blocked, id=19353, stack(0x0000794c4ee00000,0x0000794c4ef00000) (1024K)]
Total: 157

Other Threads:
  0x0000794de81c47c0 VMThread "VM Thread"                           [id=18430, stack(0x0000794dbbf00000,0x0000794dbc000000) (1024K)]
  0x0000794de81b94e0 WatcherThread "VM Periodic Task Thread"        [id=18429, stack(0x0000794dd00db000,0x0000794dd01db000) (1024K)]
  0x0000794de8087f90 WorkerThread "GC Thread#0"                     [id=18424, stack(0x0000794dd5afe000,0x0000794dd5bfe000) (1024K)]
  0x0000794dac008130 WorkerThread "GC Thread#1"                     [id=18440, stack(0x0000794dbaf00000,0x0000794dbb000000) (1024K)]
  0x0000794dac008c10 WorkerThread "GC Thread#2"                     [id=18441, stack(0x0000794dbadff000,0x0000794dbaeff000) (1024K)]
  0x0000794dac0096f0 WorkerThread "GC Thread#3"                     [id=18442, stack(0x0000794dbacfe000,0x0000794dbadfe000) (1024K)]
  0x0000794dac00a1d0 WorkerThread "GC Thread#4"                     [id=18443, stack(0x0000794dbabfd000,0x0000794dbacfd000) (1024K)]
  0x0000794dac00b0c0 WorkerThread "GC Thread#5"                     [id=18444, stack(0x0000794dbaafc000,0x0000794dbabfc000) (1024K)]
  0x0000794dac013e70 WorkerThread "GC Thread#6"                     [id=18455, stack(0x0000794db9d00000,0x0000794db9e00000) (1024K)]
  0x0000794dac00db70 WorkerThread "GC Thread#7"                     [id=18456, stack(0x0000794db9bff000,0x0000794db9cff000) (1024K)]
  0x0000794dac00e660 WorkerThread "GC Thread#8"                     [id=18457, stack(0x0000794db9afe000,0x0000794db9bfe000) (1024K)]
  0x0000794dac011c40 WorkerThread "GC Thread#9"                     [id=18458, stack(0x0000794db99fd000,0x0000794db9afd000) (1024K)]
  0x0000794de80995b0 ConcurrentGCThread "G1 Main Marker"            [id=18425, stack(0x0000794dd3100000,0x0000794dd3200000) (1024K)]
  0x0000794de809a550 WorkerThread "G1 Conc#0"                       [id=18426, stack(0x0000794dd2fff000,0x0000794dd30ff000) (1024K)] _threads_hazard_ptr=0x0000794c7c102dc0
  0x0000794dc4000d60 WorkerThread "G1 Conc#1"                       [id=18459, stack(0x0000794db98fc000,0x0000794db99fc000) (1024K)] _threads_hazard_ptr=0x0000794c7c102dc0
  0x0000794dc4001890 WorkerThread "G1 Conc#2"                       [id=18460, stack(0x0000794db97fb000,0x0000794db98fb000) (1024K)] _threads_hazard_ptr=0x0000794c7c102dc0
  0x0000794de81a7c60 ConcurrentGCThread "G1 Refine#0"               [id=18427, stack(0x0000794dd03f7000,0x0000794dd04f7000) (1024K)]
  0x0000794de81a8c10 ConcurrentGCThread "G1 Service"                [id=18428, stack(0x0000794dd02f6000,0x0000794dd03f6000) (1024K)]
Total: 18

Threads with active compile tasks:
C2 CompilerThread0  69025 23023       4       org.gradle.internal.instantiation.generator.AbstractClassGenerator$PropertyMetadata$$Lambda/0x00000001002c3ba0::get (12 bytes)
C1 CompilerThread0  69025 23136       3       com.google.gson.stream.JsonWriter::string (171 bytes)
Total: 2

VM state: not at safepoint (normal execution)

VM Mutex/Monitor currently owned by a thread:  ([mutex/lock_event])
[0x0000794dedbfded0] MethodCompileQueue_lock - owner thread: 0x0000794de82a0550
[0x0000794dedbff350] CodeCache_lock - owner thread: 0x0000794de82a0550
[0x0000794dedbff4d0] Compile_lock - owner thread: 0x0000794de82a0550

Heap address: 0x0000000080000000, size: 2048 MB, Compressed Oops mode: 32-bit

CDS archive(s) not mapped
Compressed class space mapped at: 0x0000000100000000-0x0000000140000000, reserved size: 1073741824
Narrow klass base: 0x0000000000000000, Narrow klass shift: 3, Narrow klass range: 0x140000000

GC Precious Log:
 CardTable entry size: 512
 Card Set container configuration: InlinePtr #cards 5 size 8 Array Of Cards #cards 12 size 40 Howl #buckets 4 coarsen threshold 1843 Howl Bitmap #cards 512 size 80 coarsen threshold 460 Card regions per heap region 1 cards per card region 2048
 CPUs: 12 total, 12 available
 Memory: 15920M
 Large Page Support: Disabled
 NUMA Support: Disabled
 Compressed Oops: Enabled (32-bit)
 Heap Region Size: 1M
 Heap Min Capacity: 8M
 Heap Initial Capacity: 250M
 Heap Max Capacity: 2G
 Pre-touch: Disabled
 Parallel Workers: 10
 Concurrent Workers: 3
 Concurrent Refinement Workers: 10
 Periodic GC: Disabled

Heap:
 garbage-first heap   total 394240K, used 241291K [0x0000000080000000, 0x0000000100000000)
  region size 1024K, 11 young (11264K), 4 survivors (4096K)
 Metaspace       used 158038K, committed 160576K, reserved 1245184K
  class space    used 21831K, committed 23040K, reserved 1048576K

Heap Regions: E=young(eden), S=young(survivor), O=old, HS=humongous(starts), HC=humongous(continues), CS=collection set, F=free, TAMS=top-at-mark-start, PB=parsable bottom
|   0|0x0000000080000000, 0x0000000080100000, 0x0000000080100000|100%|HS|  |TAMS 0x0000000080100000| PB 0x0000000080000000| Complete 
|   1|0x0000000080100000, 0x0000000080200000, 0x0000000080200000|100%|HC|  |TAMS 0x0000000080200000| PB 0x0000000080100000| Complete 
|   2|0x0000000080200000, 0x0000000080300000, 0x0000000080300000|100%|HC|  |TAMS 0x0000000080300000| PB 0x0000000080200000| Complete 
|   3|0x0000000080300000, 0x0000000080400000, 0x0000000080400000|100%| O|  |TAMS 0x0000000080400000| PB 0x0000000080300000| Untracked 
|   4|0x0000000080400000, 0x0000000080500000, 0x0000000080500000|100%| O|  |TAMS 0x0000000080500000| PB 0x0000000080400000| Untracked 
|   5|0x0000000080500000, 0x0000000080600000, 0x0000000080600000|100%| O|  |TAMS 0x0000000080600000| PB 0x0000000080500000| Untracked 
|   6|0x0000000080600000, 0x0000000080700000, 0x0000000080700000|100%|HS|  |TAMS 0x0000000080700000| PB 0x0000000080600000| Complete 
|   7|0x0000000080700000, 0x0000000080800000, 0x0000000080800000|100%| O|  |TAMS 0x0000000080800000| PB 0x0000000080700000| Updating 
|   8|0x0000000080800000, 0x0000000080900000, 0x0000000080900000|100%| O|  |TAMS 0x0000000080900000| PB 0x0000000080800000| Untracked 
|   9|0x0000000080900000, 0x0000000080a00000, 0x0000000080a00000|100%| O|  |TAMS 0x0000000080a00000| PB 0x0000000080900000| Untracked 
|  10|0x0000000080a00000, 0x0000000080b00000, 0x0000000080b00000|100%| O|  |TAMS 0x0000000080b00000| PB 0x0000000080a00000| Untracked 
|  11|0x0000000080b00000, 0x0000000080c00000, 0x0000000080c00000|100%| O|  |TAMS 0x0000000080c00000| PB 0x0000000080b00000| Untracked 
|  12|0x0000000080c00000, 0x0000000080d00000, 0x0000000080d00000|100%| O|  |TAMS 0x0000000080d00000| PB 0x0000000080c00000| Untracked 
|  13|0x0000000080d00000, 0x0000000080e00000, 0x0000000080e00000|100%| O|  |TAMS 0x0000000080e00000| PB 0x0000000080d00000| Untracked 
|  14|0x0000000080e00000, 0x0000000080f00000, 0x0000000080f00000|100%| O|  |TAMS 0x0000000080f00000| PB 0x0000000080e00000| Untracked 
|  15|0x0000000080f00000, 0x0000000081000000, 0x0000000081000000|100%| O|  |TAMS 0x0000000081000000| PB 0x0000000080f00000| Untracked 
|  16|0x0000000081000000, 0x0000000081100000, 0x0000000081100000|100%| O|  |TAMS 0x0000000081100000| PB 0x0000000081000000| Updating 
|  17|0x0000000081100000, 0x0000000081200000, 0x0000000081200000|100%| O|  |TAMS 0x0000000081200000| PB 0x0000000081100000| Untracked 
|  18|0x0000000081200000, 0x0000000081300000, 0x0000000081300000|100%| O|  |TAMS 0x0000000081300000| PB 0x0000000081200000| Untracked 
|  19|0x0000000081300000, 0x0000000081400000, 0x0000000081400000|100%| O|  |TAMS 0x0000000081400000| PB 0x0000000081300000| Untracked 
|  20|0x0000000081400000, 0x0000000081500000, 0x0000000081500000|100%| O|  |TAMS 0x0000000081500000| PB 0x0000000081400000| Updating 
|  21|0x0000000081500000, 0x0000000081600000, 0x0000000081600000|100%| O|  |TAMS 0x0000000081600000| PB 0x0000000081500000| Untracked 
|  22|0x0000000081600000, 0x0000000081700000, 0x0000000081700000|100%| O|  |TAMS 0x0000000081700000| PB 0x0000000081600000| Updating 
|  23|0x0000000081700000, 0x0000000081800000, 0x0000000081800000|100%| O|  |TAMS 0x0000000081800000| PB 0x0000000081700000| Updating 
|  24|0x0000000081800000, 0x0000000081900000, 0x0000000081900000|100%| O|  |TAMS 0x0000000081900000| PB 0x0000000081800000| Untracked 
|  25|0x0000000081900000, 0x0000000081a00000, 0x0000000081a00000|100%| O|  |TAMS 0x0000000081a00000| PB 0x0000000081900000| Untracked 
|  26|0x0000000081a00000, 0x0000000081b00000, 0x0000000081b00000|100%| O|  |TAMS 0x0000000081b00000| PB 0x0000000081a00000| Untracked 
|  27|0x0000000081b00000, 0x0000000081c00000, 0x0000000081c00000|100%| O|  |TAMS 0x0000000081c00000| PB 0x0000000081b00000| Untracked 
|  28|0x0000000081c00000, 0x0000000081d00000, 0x0000000081d00000|100%| O|  |TAMS 0x0000000081d00000| PB 0x0000000081d00000| Untracked 
|  29|0x0000000081d00000, 0x0000000081e00000, 0x0000000081e00000|100%| O|  |TAMS 0x0000000081e00000| PB 0x0000000081d00000| Untracked 
|  30|0x0000000081e00000, 0x0000000081f00000, 0x0000000081f00000|100%| O|  |TAMS 0x0000000081f00000| PB 0x0000000081f00000| Untracked 
|  31|0x0000000081f00000, 0x0000000082000000, 0x0000000082000000|100%| O|  |TAMS 0x0000000082000000| PB 0x0000000082000000| Untracked 
|  32|0x0000000082000000, 0x0000000082100000, 0x0000000082100000|100%| O|  |TAMS 0x0000000082100000| PB 0x0000000082100000| Untracked 
|  33|0x0000000082100000, 0x0000000082200000, 0x0000000082200000|100%| O|  |TAMS 0x0000000082200000| PB 0x0000000082200000| Updating 
|  34|0x0000000082200000, 0x0000000082300000, 0x0000000082300000|100%| O|  |TAMS 0x0000000082300000| PB 0x0000000082300000| Updating 
|  35|0x0000000082300000, 0x0000000082400000, 0x0000000082400000|100%| O|  |TAMS 0x0000000082400000| PB 0x0000000082400000| Updating 
|  36|0x0000000082400000, 0x0000000082500000, 0x0000000082500000|100%| O|  |TAMS 0x0000000082500000| PB 0x0000000082500000| Untracked 
|  37|0x0000000082500000, 0x0000000082600000, 0x0000000082600000|100%| O|  |TAMS 0x0000000082600000| PB 0x0000000082600000| Updating 
|  38|0x0000000082600000, 0x0000000082700000, 0x0000000082700000|100%|HS|  |TAMS 0x0000000082700000| PB 0x0000000082600000| Complete 
|  39|0x0000000082700000, 0x0000000082800000, 0x0000000082800000|100%| O|  |TAMS 0x0000000082800000| PB 0x0000000082800000| Updating 
|  40|0x0000000082800000, 0x0000000082900000, 0x0000000082900000|100%| O|  |TAMS 0x0000000082900000| PB 0x0000000082900000| Untracked 
|  41|0x0000000082900000, 0x0000000082a00000, 0x0000000082a00000|100%| O|  |TAMS 0x0000000082a00000| PB 0x0000000082a00000| Updating 
|  42|0x0000000082a00000, 0x0000000082b00000, 0x0000000082b00000|100%| O|  |TAMS 0x0000000082b00000| PB 0x0000000082b00000| Updating 
|  43|0x0000000082b00000, 0x0000000082c00000, 0x0000000082c00000|100%| O|  |TAMS 0x0000000082c00000| PB 0x0000000082c00000| Updating 
|  44|0x0000000082c00000, 0x0000000082d00000, 0x0000000082d00000|100%| O|  |TAMS 0x0000000082d00000| PB 0x0000000082d00000| Updating 
|  45|0x0000000082d00000, 0x0000000082e00000, 0x0000000082e00000|100%|HS|  |TAMS 0x0000000082e00000| PB 0x0000000082d00000| Complete 
|  46|0x0000000082e00000, 0x0000000082f00000, 0x0000000082f00000|100%| O|  |TAMS 0x0000000082f00000| PB 0x0000000082f00000| Updating 
|  47|0x0000000082f00000, 0x0000000083000000, 0x0000000083000000|100%| O|  |TAMS 0x0000000083000000| PB 0x0000000083000000| Updating 
|  48|0x0000000083000000, 0x0000000083100000, 0x0000000083100000|100%| O|  |TAMS 0x0000000083100000| PB 0x0000000083100000| Updating 
|  49|0x0000000083100000, 0x0000000083200000, 0x0000000083200000|100%| O|  |TAMS 0x0000000083200000| PB 0x0000000083200000| Untracked 
|  50|0x0000000083200000, 0x0000000083300000, 0x0000000083300000|100%|HS|  |TAMS 0x0000000083300000| PB 0x0000000083200000| Complete 
|  51|0x0000000083300000, 0x0000000083400000, 0x0000000083400000|100%| O|  |TAMS 0x0000000083400000| PB 0x0000000083400000| Updating 
|  52|0x0000000083400000, 0x0000000083500000, 0x0000000083500000|100%|HS|  |TAMS 0x0000000083500000| PB 0x0000000083400000| Complete 
|  53|0x0000000083500000, 0x0000000083600000, 0x0000000083600000|100%|HC|  |TAMS 0x0000000083600000| PB 0x0000000083500000| Complete 
|  54|0x0000000083600000, 0x0000000083700000, 0x0000000083700000|100%|HS|  |TAMS 0x0000000083700000| PB 0x0000000083600000| Complete 
|  55|0x0000000083700000, 0x0000000083800000, 0x0000000083800000|100%|HC|  |TAMS 0x0000000083800000| PB 0x0000000083700000| Complete 
|  56|0x0000000083800000, 0x0000000083900000, 0x0000000083900000|100%|HS|  |TAMS 0x0000000083900000| PB 0x0000000083800000| Complete 
|  57|0x0000000083900000, 0x0000000083a00000, 0x0000000083a00000|100%| O|  |TAMS 0x0000000083a00000| PB 0x0000000083a00000| Updating 
|  58|0x0000000083a00000, 0x0000000083b00000, 0x0000000083b00000|100%| O|  |TAMS 0x0000000083b00000| PB 0x0000000083b00000| Updating 
|  59|0x0000000083b00000, 0x0000000083c00000, 0x0000000083c00000|100%| O|  |TAMS 0x0000000083c00000| PB 0x0000000083c00000| Untracked 
|  60|0x0000000083c00000, 0x0000000083d00000, 0x0000000083d00000|100%| O|  |TAMS 0x0000000083d00000| PB 0x0000000083d00000| Updating 
|  61|0x0000000083d00000, 0x0000000083e00000, 0x0000000083e00000|100%| O|  |TAMS 0x0000000083e00000| PB 0x0000000083e00000| Updating 
|  62|0x0000000083e00000, 0x0000000083f00000, 0x0000000083f00000|100%|HS|  |TAMS 0x0000000083f00000| PB 0x0000000083e00000| Complete 
|  63|0x0000000083f00000, 0x0000000084000000, 0x0000000084000000|100%|HC|  |TAMS 0x0000000084000000| PB 0x0000000083f00000| Complete 
|  64|0x0000000084000000, 0x0000000084100000, 0x0000000084100000|100%|HC|  |TAMS 0x0000000084100000| PB 0x0000000084000000| Complete 
|  65|0x0000000084100000, 0x0000000084200000, 0x0000000084200000|100%|HS|  |TAMS 0x0000000084200000| PB 0x0000000084100000| Complete 
|  66|0x0000000084200000, 0x0000000084300000, 0x0000000084300000|100%|HS|  |TAMS 0x0000000084300000| PB 0x0000000084200000| Complete 
|  67|0x0000000084300000, 0x0000000084400000, 0x0000000084400000|100%|HS|  |TAMS 0x0000000084400000| PB 0x0000000084300000| Complete 
|  68|0x0000000084400000, 0x0000000084500000, 0x0000000084500000|100%|HC|  |TAMS 0x0000000084500000| PB 0x0000000084400000| Complete 
|  69|0x0000000084500000, 0x0000000084600000, 0x0000000084600000|100%|HC|  |TAMS 0x0000000084600000| PB 0x0000000084500000| Complete 
|  70|0x0000000084600000, 0x0000000084700000, 0x0000000084700000|100%| O|  |TAMS 0x0000000084700000| PB 0x0000000084700000| Untracked 
|  71|0x0000000084700000, 0x0000000084800000, 0x0000000084800000|100%|HS|  |TAMS 0x0000000084800000| PB 0x0000000084700000| Complete 
|  72|0x0000000084800000, 0x0000000084900000, 0x0000000084900000|100%| O|  |TAMS 0x0000000084900000| PB 0x0000000084900000| Untracked 
|  73|0x0000000084900000, 0x0000000084a00000, 0x0000000084a00000|100%| O|  |TAMS 0x0000000084a00000| PB 0x0000000084a00000| Untracked 
|  74|0x0000000084a00000, 0x0000000084b00000, 0x0000000084b00000|100%| O|  |TAMS 0x0000000084b00000| PB 0x0000000084b00000| Untracked 
|  75|0x0000000084b00000, 0x0000000084c00000, 0x0000000084c00000|100%| O|  |TAMS 0x0000000084c00000| PB 0x0000000084c00000| Untracked 
|  76|0x0000000084c00000, 0x0000000084d00000, 0x0000000084d00000|100%| O|  |TAMS 0x0000000084d00000| PB 0x0000000084d00000| Updating 
|  77|0x0000000084d00000, 0x0000000084e00000, 0x0000000084e00000|100%| O|  |TAMS 0x0000000084e00000| PB 0x0000000084e00000| Updating 
|  78|0x0000000084e00000, 0x0000000084f00000, 0x0000000084f00000|100%| O|  |TAMS 0x0000000084f00000| PB 0x0000000084f00000| Updating 
|  79|0x0000000084f00000, 0x0000000085000000, 0x0000000085000000|100%| O|  |TAMS 0x0000000085000000| PB 0x0000000085000000| Updating 
|  80|0x0000000085000000, 0x0000000085100000, 0x0000000085100000|100%| O|  |TAMS 0x0000000085100000| PB 0x0000000085100000| Untracked 
|  81|0x0000000085100000, 0x0000000085200000, 0x0000000085200000|100%| O|  |TAMS 0x0000000085200000| PB 0x0000000085200000| Untracked 
|  82|0x0000000085200000, 0x0000000085300000, 0x0000000085300000|100%| O|  |TAMS 0x0000000085300000| PB 0x0000000085300000| Untracked 
|  83|0x0000000085300000, 0x0000000085400000, 0x0000000085400000|100%| O|  |TAMS 0x0000000085400000| PB 0x0000000085400000| Updating 
|  84|0x0000000085400000, 0x0000000085500000, 0x0000000085500000|100%| O|  |TAMS 0x0000000085500000| PB 0x0000000085500000| Untracked 
|  85|0x0000000085500000, 0x0000000085600000, 0x0000000085600000|100%| O|  |TAMS 0x0000000085600000| PB 0x0000000085600000| Updating 
|  86|0x0000000085600000, 0x0000000085700000, 0x0000000085700000|100%| O|  |TAMS 0x0000000085700000| PB 0x0000000085700000| Untracked 
|  87|0x0000000085700000, 0x0000000085800000, 0x0000000085800000|100%| O|  |TAMS 0x0000000085800000| PB 0x0000000085800000| Untracked 
|  88|0x0000000085800000, 0x0000000085900000, 0x0000000085900000|100%| O|  |TAMS 0x0000000085900000| PB 0x0000000085900000| Updating 
|  89|0x0000000085900000, 0x0000000085a00000, 0x0000000085a00000|100%| O|  |TAMS 0x0000000085a00000| PB 0x0000000085a00000| Untracked 
|  90|0x0000000085a00000, 0x0000000085b00000, 0x0000000085b00000|100%| O|  |TAMS 0x0000000085b00000| PB 0x0000000085b00000| Updating 
|  91|0x0000000085b00000, 0x0000000085c00000, 0x0000000085c00000|100%| O|  |TAMS 0x0000000085c00000| PB 0x0000000085c00000| Updating 
|  92|0x0000000085c00000, 0x0000000085d00000, 0x0000000085d00000|100%| O|  |TAMS 0x0000000085d00000| PB 0x0000000085d00000| Updating 
|  93|0x0000000085d00000, 0x0000000085e00000, 0x0000000085e00000|100%| O|  |TAMS 0x0000000085e00000| PB 0x0000000085e00000| Updating 
|  94|0x0000000085e00000, 0x0000000085f00000, 0x0000000085f00000|100%| O|  |TAMS 0x0000000085f00000| PB 0x0000000085f00000| Updating 
|  95|0x0000000085f00000, 0x0000000086000000, 0x0000000086000000|100%| O|  |TAMS 0x0000000086000000| PB 0x0000000086000000| Untracked 
|  96|0x0000000086000000, 0x0000000086100000, 0x0000000086100000|100%| O|  |TAMS 0x0000000086100000| PB 0x0000000086100000| Updating 
|  97|0x0000000086100000, 0x0000000086200000, 0x0000000086200000|100%| O|  |TAMS 0x0000000086200000| PB 0x0000000086200000| Untracked 
|  98|0x0000000086200000, 0x0000000086300000, 0x0000000086300000|100%| O|  |TAMS 0x0000000086300000| PB 0x0000000086300000| Untracked 
|  99|0x0000000086300000, 0x0000000086400000, 0x0000000086400000|100%| O|  |TAMS 0x0000000086400000| PB 0x0000000086400000| Untracked 
| 100|0x0000000086400000, 0x0000000086500000, 0x0000000086500000|100%| O|  |TAMS 0x0000000086500000| PB 0x0000000086500000| Untracked 
| 101|0x0000000086500000, 0x0000000086600000, 0x0000000086600000|100%| O|  |TAMS 0x0000000086600000| PB 0x0000000086600000| Untracked 
| 102|0x0000000086600000, 0x0000000086700000, 0x0000000086700000|100%| O|  |TAMS 0x0000000086700000| PB 0x0000000086700000| Untracked 
| 103|0x0000000086700000, 0x0000000086800000, 0x0000000086800000|100%| O|  |TAMS 0x0000000086800000| PB 0x0000000086800000| Untracked 
| 104|0x0000000086800000, 0x0000000086900000, 0x0000000086900000|100%| O|  |TAMS 0x0000000086900000| PB 0x0000000086900000| Untracked 
| 105|0x0000000086900000, 0x0000000086a00000, 0x0000000086a00000|100%| O|  |TAMS 0x0000000086a00000| PB 0x0000000086a00000| Updating 
| 106|0x0000000086a00000, 0x0000000086b00000, 0x0000000086b00000|100%| O|  |TAMS 0x0000000086b00000| PB 0x0000000086b00000| Untracked 
| 107|0x0000000086b00000, 0x0000000086c00000, 0x0000000086c00000|100%| O|  |TAMS 0x0000000086c00000| PB 0x0000000086c00000| Untracked 
| 108|0x0000000086c00000, 0x0000000086d00000, 0x0000000086d00000|100%| O|  |TAMS 0x0000000086d00000| PB 0x0000000086d00000| Untracked 
| 109|0x0000000086d00000, 0x0000000086e00000, 0x0000000086e00000|100%| O|  |TAMS 0x0000000086e00000| PB 0x0000000086e00000| Untracked 
| 110|0x0000000086e00000, 0x0000000086f00000, 0x0000000086f00000|100%| O|  |TAMS 0x0000000086f00000| PB 0x0000000086f00000| Updating 
| 111|0x0000000086f00000, 0x0000000087000000, 0x0000000087000000|100%| O|  |TAMS 0x0000000087000000| PB 0x0000000087000000| Untracked 
| 112|0x0000000087000000, 0x0000000087100000, 0x0000000087100000|100%| O|  |TAMS 0x0000000087100000| PB 0x0000000087100000| Untracked 
| 113|0x0000000087100000, 0x0000000087200000, 0x0000000087200000|100%| O|  |TAMS 0x0000000087200000| PB 0x0000000087200000| Untracked 
| 114|0x0000000087200000, 0x0000000087300000, 0x0000000087300000|100%| O|  |TAMS 0x0000000087300000| PB 0x0000000087300000| Untracked 
| 115|0x0000000087300000, 0x0000000087400000, 0x0000000087400000|100%| O|  |TAMS 0x0000000087400000| PB 0x0000000087400000| Untracked 
| 116|0x0000000087400000, 0x0000000087500000, 0x0000000087500000|100%| O|  |TAMS 0x0000000087500000| PB 0x0000000087500000| Updating 
| 117|0x0000000087500000, 0x0000000087600000, 0x0000000087600000|100%| O|  |TAMS 0x0000000087600000| PB 0x0000000087600000| Updating 
| 118|0x0000000087600000, 0x0000000087700000, 0x0000000087700000|100%| O|  |TAMS 0x0000000087700000| PB 0x0000000087700000| Updating 
| 119|0x0000000087700000, 0x0000000087800000, 0x0000000087800000|100%| O|  |TAMS 0x0000000087700000| PB 0x0000000087700000| Untracked 
| 120|0x0000000087800000, 0x0000000087900000, 0x0000000087900000|100%| O|  |TAMS 0x0000000087800000| PB 0x0000000087800000| Untracked 
| 121|0x0000000087900000, 0x0000000087a00000, 0x0000000087a00000|100%| O|  |TAMS 0x0000000087a00000| PB 0x0000000087a00000| Untracked 
| 122|0x0000000087a00000, 0x0000000087b00000, 0x0000000087b00000|100%| O|  |TAMS 0x0000000087b00000| PB 0x0000000087b00000| Untracked 
| 123|0x0000000087b00000, 0x0000000087c00000, 0x0000000087c00000|100%| O|  |TAMS 0x0000000087c00000| PB 0x0000000087c00000| Untracked 
| 124|0x0000000087c00000, 0x0000000087d00000, 0x0000000087d00000|100%| O|  |TAMS 0x0000000087c00000| PB 0x0000000087c00000| Untracked 
| 125|0x0000000087d00000, 0x0000000087e00000, 0x0000000087e00000|100%| O|  |TAMS 0x0000000087e00000| PB 0x0000000087e00000| Updating 
| 126|0x0000000087e00000, 0x0000000087f00000, 0x0000000087f00000|100%| O|  |TAMS 0x0000000087f00000| PB 0x0000000087f00000| Updating 
| 127|0x0000000087f00000, 0x0000000088000000, 0x0000000088000000|100%| O|  |TAMS 0x0000000088000000| PB 0x0000000088000000| Untracked 
| 128|0x0000000088000000, 0x0000000088100000, 0x0000000088100000|100%| O|  |TAMS 0x0000000088100000| PB 0x0000000088100000| Untracked 
| 129|0x0000000088100000, 0x0000000088200000, 0x0000000088200000|100%| O|  |TAMS 0x0000000088200000| PB 0x0000000088200000| Updating 
| 130|0x0000000088200000, 0x0000000088300000, 0x0000000088300000|100%| O|  |TAMS 0x0000000088300000| PB 0x0000000088300000| Updating 
| 131|0x0000000088300000, 0x0000000088400000, 0x0000000088400000|100%| O|  |TAMS 0x0000000088400000| PB 0x0000000088400000| Updating 
| 132|0x0000000088400000, 0x0000000088500000, 0x0000000088500000|100%| O|  |TAMS 0x0000000088500000| PB 0x0000000088500000| Updating 
| 133|0x0000000088500000, 0x0000000088600000, 0x0000000088600000|100%| O|  |TAMS 0x0000000088500000| PB 0x0000000088500000| Untracked 
| 134|0x0000000088600000, 0x0000000088700000, 0x0000000088700000|100%| O|  |TAMS 0x0000000088700000| PB 0x0000000088700000| Updating 
| 135|0x0000000088700000, 0x0000000088800000, 0x0000000088800000|100%| O|  |TAMS 0x0000000088800000| PB 0x0000000088800000| Updating 
| 136|0x0000000088800000, 0x0000000088900000, 0x0000000088900000|100%| O|  |TAMS 0x0000000088900000| PB 0x0000000088900000| Untracked 
| 137|0x0000000088900000, 0x0000000088a00000, 0x0000000088a00000|100%| O|  |TAMS 0x0000000088a00000| PB 0x0000000088a00000| Updating 
| 138|0x0000000088a00000, 0x0000000088b00000, 0x0000000088b00000|100%| O|  |TAMS 0x0000000088b00000| PB 0x0000000088b00000| Updating 
| 139|0x0000000088b00000, 0x0000000088c00000, 0x0000000088c00000|100%| O|  |TAMS 0x0000000088c00000| PB 0x0000000088c00000| Untracked 
| 140|0x0000000088c00000, 0x0000000088d00000, 0x0000000088d00000|100%| O|  |TAMS 0x0000000088d00000| PB 0x0000000088d00000| Updating 
| 141|0x0000000088d00000, 0x0000000088e00000, 0x0000000088e00000|100%| O|  |TAMS 0x0000000088e00000| PB 0x0000000088e00000| Updating 
| 142|0x0000000088e00000, 0x0000000088f00000, 0x0000000088f00000|100%| O|  |TAMS 0x0000000088e00000| PB 0x0000000088e00000| Untracked 
| 143|0x0000000088f00000, 0x0000000089000000, 0x0000000089000000|100%| O|  |TAMS 0x0000000089000000| PB 0x0000000089000000| Untracked 
| 144|0x0000000089000000, 0x0000000089100000, 0x0000000089100000|100%| O|  |TAMS 0x0000000089100000| PB 0x0000000089100000| Untracked 
| 145|0x0000000089100000, 0x0000000089200000, 0x0000000089200000|100%| O|  |TAMS 0x0000000089200000| PB 0x0000000089200000| Updating 
| 146|0x0000000089200000, 0x0000000089300000, 0x0000000089300000|100%| O|  |TAMS 0x0000000089300000| PB 0x0000000089300000| Updating 
| 147|0x0000000089300000, 0x0000000089400000, 0x0000000089400000|100%| O|  |TAMS 0x0000000089400000| PB 0x0000000089400000| Updating 
| 148|0x0000000089400000, 0x0000000089500000, 0x0000000089500000|100%| O|  |TAMS 0x0000000089500000| PB 0x0000000089500000| Updating 
| 149|0x0000000089500000, 0x0000000089600000, 0x0000000089600000|100%| O|  |TAMS 0x0000000089600000| PB 0x0000000089600000| Untracked 
| 150|0x0000000089600000, 0x0000000089700000, 0x0000000089700000|100%| O|  |TAMS 0x000000008969eb78| PB 0x000000008969eb78| Updating 
| 151|0x0000000089700000, 0x0000000089800000, 0x0000000089800000|100%| O|  |TAMS 0x0000000089700000| PB 0x0000000089700000| Untracked 
| 152|0x0000000089800000, 0x0000000089900000, 0x0000000089900000|100%| O|  |TAMS 0x0000000089900000| PB 0x0000000089900000| Updating 
| 153|0x0000000089900000, 0x0000000089a00000, 0x0000000089a00000|100%| O|  |TAMS 0x0000000089a00000| PB 0x0000000089a00000| Updating 
| 154|0x0000000089a00000, 0x0000000089b00000, 0x0000000089b00000|100%| O|  |TAMS 0x0000000089b00000| PB 0x0000000089b00000| Updating 
| 155|0x0000000089b00000, 0x0000000089c00000, 0x0000000089c00000|100%| O|  |TAMS 0x0000000089c00000| PB 0x0000000089c00000| Updating 
| 156|0x0000000089c00000, 0x0000000089d00000, 0x0000000089d00000|100%| O|  |TAMS 0x0000000089d00000| PB 0x0000000089d00000| Updating 
| 157|0x0000000089d00000, 0x0000000089e00000, 0x0000000089e00000|100%| O|  |TAMS 0x0000000089e00000| PB 0x0000000089e00000| Updating 
| 158|0x0000000089e00000, 0x0000000089f00000, 0x0000000089f00000|100%| O|  |TAMS 0x0000000089f00000| PB 0x0000000089f00000| Updating 
| 159|0x0000000089f00000, 0x000000008a000000, 0x000000008a000000|100%| O|  |TAMS 0x000000008a000000| PB 0x000000008a000000| Updating 
| 160|0x000000008a000000, 0x000000008a100000, 0x000000008a100000|100%| O|  |TAMS 0x000000008a000000| PB 0x000000008a000000| Untracked 
| 161|0x000000008a100000, 0x000000008a200000, 0x000000008a200000|100%| O|  |TAMS 0x000000008a100000| PB 0x000000008a100000| Untracked 
| 162|0x000000008a200000, 0x000000008a300000, 0x000000008a300000|100%| O|  |TAMS 0x000000008a200000| PB 0x000000008a200000| Untracked 
| 163|0x000000008a300000, 0x000000008a400000, 0x000000008a400000|100%| O|  |TAMS 0x000000008a300000| PB 0x000000008a300000| Untracked 
| 164|0x000000008a400000, 0x000000008a500000, 0x000000008a500000|100%| O|  |TAMS 0x000000008a400000| PB 0x000000008a400000| Untracked 
| 165|0x000000008a500000, 0x000000008a600000, 0x000000008a600000|100%| O|  |TAMS 0x000000008a500000| PB 0x000000008a500000| Untracked 
| 166|0x000000008a600000, 0x000000008a700000, 0x000000008a700000|100%| O|  |TAMS 0x000000008a600000| PB 0x000000008a600000| Untracked 
| 167|0x000000008a700000, 0x000000008a800000, 0x000000008a800000|100%| O|  |TAMS 0x000000008a700000| PB 0x000000008a700000| Untracked 
| 168|0x000000008a800000, 0x000000008a8bd3c0, 0x000000008a900000| 73%| O|  |TAMS 0x000000008a800000| PB 0x000000008a800000| Updating 
| 169|0x000000008a900000, 0x000000008aa00000, 0x000000008aa00000|100%|HS|  |TAMS 0x000000008a900000| PB 0x000000008a900000| Complete 
| 170|0x000000008aa00000, 0x000000008ab00000, 0x000000008ab00000|100%|HC|  |TAMS 0x000000008aa00000| PB 0x000000008aa00000| Complete 
| 171|0x000000008ab00000, 0x000000008ac00000, 0x000000008ac00000|100%|HC|  |TAMS 0x000000008ab00000| PB 0x000000008ab00000| Complete 
| 172|0x000000008ac00000, 0x000000008ad00000, 0x000000008ad00000|100%|HC|  |TAMS 0x000000008ac00000| PB 0x000000008ac00000| Complete 
| 173|0x000000008ad00000, 0x000000008ae00000, 0x000000008ae00000|100%|HC|  |TAMS 0x000000008ad00000| PB 0x000000008ad00000| Complete 
| 174|0x000000008ae00000, 0x000000008af00000, 0x000000008af00000|100%|HC|  |TAMS 0x000000008ae00000| PB 0x000000008ae00000| Complete 
| 175|0x000000008af00000, 0x000000008b000000, 0x000000008b000000|100%|HC|  |TAMS 0x000000008af00000| PB 0x000000008af00000| Complete 
| 176|0x000000008b000000, 0x000000008b100000, 0x000000008b100000|100%|HC|  |TAMS 0x000000008b000000| PB 0x000000008b000000| Complete 
| 177|0x000000008b100000, 0x000000008b200000, 0x000000008b200000|100%|HS|  |TAMS 0x000000008b100000| PB 0x000000008b100000| Complete 
| 178|0x000000008b200000, 0x000000008b300000, 0x000000008b300000|100%|HC|  |TAMS 0x000000008b200000| PB 0x000000008b200000| Complete 
| 179|0x000000008b300000, 0x000000008b400000, 0x000000008b400000|100%|HS|  |TAMS 0x000000008b300000| PB 0x000000008b300000| Complete 
| 180|0x000000008b400000, 0x000000008b500000, 0x000000008b500000|100%|HC|  |TAMS 0x000000008b400000| PB 0x000000008b400000| Complete 
| 181|0x000000008b500000, 0x000000008b600000, 0x000000008b600000|100%|HS|  |TAMS 0x000000008b500000| PB 0x000000008b500000| Complete 
| 182|0x000000008b600000, 0x000000008b700000, 0x000000008b700000|100%|HC|  |TAMS 0x000000008b600000| PB 0x000000008b600000| Complete 
| 183|0x000000008b700000, 0x000000008b800000, 0x000000008b800000|100%|HS|  |TAMS 0x000000008b700000| PB 0x000000008b700000| Complete 
| 184|0x000000008b800000, 0x000000008b900000, 0x000000008b900000|100%|HC|  |TAMS 0x000000008b800000| PB 0x000000008b800000| Complete 
| 185|0x000000008b900000, 0x000000008ba00000, 0x000000008ba00000|100%|HS|  |TAMS 0x000000008b900000| PB 0x000000008b900000| Complete 
| 186|0x000000008ba00000, 0x000000008bb00000, 0x000000008bb00000|100%|HC|  |TAMS 0x000000008ba00000| PB 0x000000008ba00000| Complete 
| 187|0x000000008bb00000, 0x000000008bc00000, 0x000000008bc00000|100%|HS|  |TAMS 0x000000008bb00000| PB 0x000000008bb00000| Complete 
| 188|0x000000008bc00000, 0x000000008bd00000, 0x000000008bd00000|100%|HC|  |TAMS 0x000000008bc00000| PB 0x000000008bc00000| Complete 
| 189|0x000000008bd00000, 0x000000008be00000, 0x000000008be00000|100%|HS|  |TAMS 0x000000008bd00000| PB 0x000000008bd00000| Complete 
| 190|0x000000008be00000, 0x000000008bf00000, 0x000000008bf00000|100%|HC|  |TAMS 0x000000008be00000| PB 0x000000008be00000| Complete 
| 191|0x000000008bf00000, 0x000000008c000000, 0x000000008c000000|100%|HS|  |TAMS 0x000000008bf00000| PB 0x000000008bf00000| Complete 
| 192|0x000000008c000000, 0x000000008c100000, 0x000000008c100000|100%|HC|  |TAMS 0x000000008c000000| PB 0x000000008c000000| Complete 
| 193|0x000000008c100000, 0x000000008c200000, 0x000000008c200000|100%|HS|  |TAMS 0x000000008c100000| PB 0x000000008c100000| Complete 
| 194|0x000000008c200000, 0x000000008c300000, 0x000000008c300000|100%|HC|  |TAMS 0x000000008c200000| PB 0x000000008c200000| Complete 
| 195|0x000000008c300000, 0x000000008c400000, 0x000000008c400000|100%|HS|  |TAMS 0x000000008c300000| PB 0x000000008c300000| Complete 
| 196|0x000000008c400000, 0x000000008c500000, 0x000000008c500000|100%|HC|  |TAMS 0x000000008c400000| PB 0x000000008c400000| Complete 
| 197|0x000000008c500000, 0x000000008c600000, 0x000000008c600000|100%|HS|  |TAMS 0x000000008c500000| PB 0x000000008c500000| Complete 
| 198|0x000000008c600000, 0x000000008c700000, 0x000000008c700000|100%|HC|  |TAMS 0x000000008c600000| PB 0x000000008c600000| Complete 
| 199|0x000000008c700000, 0x000000008c800000, 0x000000008c800000|100%|HS|  |TAMS 0x000000008c700000| PB 0x000000008c700000| Complete 
| 200|0x000000008c800000, 0x000000008c900000, 0x000000008c900000|100%|HC|  |TAMS 0x000000008c800000| PB 0x000000008c800000| Complete 
| 201|0x000000008c900000, 0x000000008ca00000, 0x000000008ca00000|100%|HS|  |TAMS 0x000000008c900000| PB 0x000000008c900000| Complete 
| 202|0x000000008ca00000, 0x000000008cb00000, 0x000000008cb00000|100%|HC|  |TAMS 0x000000008ca00000| PB 0x000000008ca00000| Complete 
| 203|0x000000008cb00000, 0x000000008cc00000, 0x000000008cc00000|100%|HS|  |TAMS 0x000000008cb00000| PB 0x000000008cb00000| Complete 
| 204|0x000000008cc00000, 0x000000008cd00000, 0x000000008cd00000|100%|HC|  |TAMS 0x000000008cc00000| PB 0x000000008cc00000| Complete 
| 205|0x000000008cd00000, 0x000000008ce00000, 0x000000008ce00000|100%|HS|  |TAMS 0x000000008cd00000| PB 0x000000008cd00000| Complete 
| 206|0x000000008ce00000, 0x000000008cf00000, 0x000000008cf00000|100%|HC|  |TAMS 0x000000008ce00000| PB 0x000000008ce00000| Complete 
| 207|0x000000008cf00000, 0x000000008d000000, 0x000000008d000000|100%|HS|  |TAMS 0x000000008cf00000| PB 0x000000008cf00000| Complete 
| 208|0x000000008d000000, 0x000000008d100000, 0x000000008d100000|100%|HC|  |TAMS 0x000000008d000000| PB 0x000000008d000000| Complete 
| 209|0x000000008d100000, 0x000000008d200000, 0x000000008d200000|100%|HS|  |TAMS 0x000000008d100000| PB 0x000000008d100000| Complete 
| 210|0x000000008d200000, 0x000000008d300000, 0x000000008d300000|100%|HC|  |TAMS 0x000000008d200000| PB 0x000000008d200000| Complete 
| 211|0x000000008d300000, 0x000000008d400000, 0x000000008d400000|100%|HS|  |TAMS 0x000000008d300000| PB 0x000000008d300000| Complete 
| 212|0x000000008d400000, 0x000000008d500000, 0x000000008d500000|100%|HC|  |TAMS 0x000000008d400000| PB 0x000000008d400000| Complete 
| 213|0x000000008d500000, 0x000000008d600000, 0x000000008d600000|100%|HS|  |TAMS 0x000000008d500000| PB 0x000000008d500000| Complete 
| 214|0x000000008d600000, 0x000000008d700000, 0x000000008d700000|100%|HC|  |TAMS 0x000000008d600000| PB 0x000000008d600000| Complete 
| 215|0x000000008d700000, 0x000000008d800000, 0x000000008d800000|100%|HS|  |TAMS 0x000000008d700000| PB 0x000000008d700000| Complete 
| 216|0x000000008d800000, 0x000000008d900000, 0x000000008d900000|100%|HC|  |TAMS 0x000000008d800000| PB 0x000000008d800000| Complete 
| 217|0x000000008d900000, 0x000000008da00000, 0x000000008da00000|100%|HS|  |TAMS 0x000000008d900000| PB 0x000000008d900000| Complete 
| 218|0x000000008da00000, 0x000000008db00000, 0x000000008db00000|100%|HC|  |TAMS 0x000000008da00000| PB 0x000000008da00000| Complete 
| 219|0x000000008db00000, 0x000000008dc00000, 0x000000008dc00000|100%|HS|  |TAMS 0x000000008db00000| PB 0x000000008db00000| Complete 
| 220|0x000000008dc00000, 0x000000008dd00000, 0x000000008dd00000|100%|HC|  |TAMS 0x000000008dc00000| PB 0x000000008dc00000| Complete 
| 221|0x000000008dd00000, 0x000000008de00000, 0x000000008de00000|100%|HS|  |TAMS 0x000000008dd00000| PB 0x000000008dd00000| Complete 
| 222|0x000000008de00000, 0x000000008df00000, 0x000000008df00000|100%|HC|  |TAMS 0x000000008de00000| PB 0x000000008de00000| Complete 
| 223|0x000000008df00000, 0x000000008e000000, 0x000000008e000000|100%|HS|  |TAMS 0x000000008df00000| PB 0x000000008df00000| Complete 
| 224|0x000000008e000000, 0x000000008e100000, 0x000000008e100000|100%|HC|  |TAMS 0x000000008e000000| PB 0x000000008e000000| Complete 
| 225|0x000000008e100000, 0x000000008e100000, 0x000000008e200000|  0%| F|  |TAMS 0x000000008e100000| PB 0x000000008e100000| Untracked 
| 226|0x000000008e200000, 0x000000008e200000, 0x000000008e300000|  0%| F|  |TAMS 0x000000008e200000| PB 0x000000008e200000| Untracked 
| 227|0x000000008e300000, 0x000000008e300000, 0x000000008e400000|  0%| F|  |TAMS 0x000000008e300000| PB 0x000000008e300000| Untracked 
| 228|0x000000008e400000, 0x000000008e400000, 0x000000008e500000|  0%| F|  |TAMS 0x000000008e400000| PB 0x000000008e400000| Untracked 
| 229|0x000000008e500000, 0x000000008e500000, 0x000000008e600000|  0%| F|  |TAMS 0x000000008e500000| PB 0x000000008e500000| Untracked 
| 230|0x000000008e600000, 0x000000008e600000, 0x000000008e700000|  0%| F|  |TAMS 0x000000008e600000| PB 0x000000008e600000| Untracked 
| 231|0x000000008e700000, 0x000000008e700000, 0x000000008e800000|  0%| F|  |TAMS 0x000000008e700000| PB 0x000000008e700000| Untracked 
| 232|0x000000008e800000, 0x000000008e800000, 0x000000008e900000|  0%| F|  |TAMS 0x000000008e800000| PB 0x000000008e800000| Untracked 
| 233|0x000000008e900000, 0x000000008e900000, 0x000000008ea00000|  0%| F|  |TAMS 0x000000008e900000| PB 0x000000008e900000| Untracked 
| 234|0x000000008ea00000, 0x000000008ea00000, 0x000000008eb00000|  0%| F|  |TAMS 0x000000008ea00000| PB 0x000000008ea00000| Untracked 
| 235|0x000000008eb00000, 0x000000008eb00000, 0x000000008ec00000|  0%| F|  |TAMS 0x000000008eb00000| PB 0x000000008eb00000| Untracked 
| 236|0x000000008ec00000, 0x000000008ec00000, 0x000000008ed00000|  0%| F|  |TAMS 0x000000008ec00000| PB 0x000000008ec00000| Untracked 
| 237|0x000000008ed00000, 0x000000008ed00000, 0x000000008ee00000|  0%| F|  |TAMS 0x000000008ed00000| PB 0x000000008ed00000| Untracked 
| 238|0x000000008ee00000, 0x000000008ee00000, 0x000000008ef00000|  0%| F|  |TAMS 0x000000008ee00000| PB 0x000000008ee00000| Untracked 
| 239|0x000000008ef00000, 0x000000008ef00000, 0x000000008f000000|  0%| F|  |TAMS 0x000000008ef00000| PB 0x000000008ef00000| Untracked 
| 240|0x000000008f000000, 0x000000008f000000, 0x000000008f100000|  0%| F|  |TAMS 0x000000008f000000| PB 0x000000008f000000| Untracked 
| 241|0x000000008f100000, 0x000000008f100000, 0x000000008f200000|  0%| F|  |TAMS 0x000000008f100000| PB 0x000000008f100000| Untracked 
| 242|0x000000008f200000, 0x000000008f200000, 0x000000008f300000|  0%| F|  |TAMS 0x000000008f200000| PB 0x000000008f200000| Untracked 
| 243|0x000000008f300000, 0x000000008f300000, 0x000000008f400000|  0%| F|  |TAMS 0x000000008f300000| PB 0x000000008f300000| Untracked 
| 244|0x000000008f400000, 0x000000008f400000, 0x000000008f500000|  0%| F|  |TAMS 0x000000008f400000| PB 0x000000008f400000| Untracked 
| 245|0x000000008f500000, 0x000000008f500000, 0x000000008f600000|  0%| F|  |TAMS 0x000000008f500000| PB 0x000000008f500000| Untracked 
| 246|0x000000008f600000, 0x000000008f600000, 0x000000008f700000|  0%| F|  |TAMS 0x000000008f600000| PB 0x000000008f600000| Untracked 
| 247|0x000000008f700000, 0x000000008f700000, 0x000000008f800000|  0%| F|  |TAMS 0x000000008f700000| PB 0x000000008f700000| Untracked 
| 248|0x000000008f800000, 0x000000008f800000, 0x000000008f900000|  0%| F|  |TAMS 0x000000008f800000| PB 0x000000008f800000| Untracked 
| 249|0x000000008f900000, 0x000000008f900000, 0x000000008fa00000|  0%| F|  |TAMS 0x000000008f900000| PB 0x000000008f900000| Untracked 
| 250|0x000000008fa00000, 0x000000008fa00000, 0x000000008fb00000|  0%| F|  |TAMS 0x000000008fa00000| PB 0x000000008fa00000| Untracked 
| 251|0x000000008fb00000, 0x000000008fb00000, 0x000000008fc00000|  0%| F|  |TAMS 0x000000008fb00000| PB 0x000000008fb00000| Untracked 
| 252|0x000000008fc00000, 0x000000008fc00000, 0x000000008fd00000|  0%| F|  |TAMS 0x000000008fc00000| PB 0x000000008fc00000| Untracked 
| 253|0x000000008fd00000, 0x000000008fd00000, 0x000000008fe00000|  0%| F|  |TAMS 0x000000008fd00000| PB 0x000000008fd00000| Untracked 
| 254|0x000000008fe00000, 0x000000008fe00000, 0x000000008ff00000|  0%| F|  |TAMS 0x000000008fe00000| PB 0x000000008fe00000| Untracked 
| 255|0x000000008ff00000, 0x000000008ff00000, 0x0000000090000000|  0%| F|  |TAMS 0x000000008ff00000| PB 0x000000008ff00000| Untracked 
| 256|0x0000000090000000, 0x0000000090000000, 0x0000000090100000|  0%| F|  |TAMS 0x0000000090000000| PB 0x0000000090000000| Untracked 
| 257|0x0000000090100000, 0x0000000090100000, 0x0000000090200000|  0%| F|  |TAMS 0x0000000090100000| PB 0x0000000090100000| Untracked 
| 258|0x0000000090200000, 0x0000000090200000, 0x0000000090300000|  0%| F|  |TAMS 0x0000000090200000| PB 0x0000000090200000| Untracked 
| 259|0x0000000090300000, 0x0000000090300000, 0x0000000090400000|  0%| F|  |TAMS 0x0000000090300000| PB 0x0000000090300000| Untracked 
| 260|0x0000000090400000, 0x0000000090400000, 0x0000000090500000|  0%| F|  |TAMS 0x0000000090400000| PB 0x0000000090400000| Untracked 
| 261|0x0000000090500000, 0x0000000090500000, 0x0000000090600000|  0%| F|  |TAMS 0x0000000090500000| PB 0x0000000090500000| Untracked 
| 262|0x0000000090600000, 0x0000000090600000, 0x0000000090700000|  0%| F|  |TAMS 0x0000000090600000| PB 0x0000000090600000| Untracked 
| 263|0x0000000090700000, 0x0000000090700000, 0x0000000090800000|  0%| F|  |TAMS 0x0000000090700000| PB 0x0000000090700000| Untracked 
| 264|0x0000000090800000, 0x0000000090800000, 0x0000000090900000|  0%| F|  |TAMS 0x0000000090800000| PB 0x0000000090800000| Untracked 
| 265|0x0000000090900000, 0x0000000090900000, 0x0000000090a00000|  0%| F|  |TAMS 0x0000000090900000| PB 0x0000000090900000| Untracked 
| 266|0x0000000090a00000, 0x0000000090ae5aa0, 0x0000000090b00000| 89%| S|CS|TAMS 0x0000000090a00000| PB 0x0000000090a00000| Complete 
| 267|0x0000000090b00000, 0x0000000090c00000, 0x0000000090c00000|100%| S|CS|TAMS 0x0000000090b00000| PB 0x0000000090b00000| Complete 
| 268|0x0000000090c00000, 0x0000000090d00000, 0x0000000090d00000|100%| S|CS|TAMS 0x0000000090c00000| PB 0x0000000090c00000| Complete 
| 269|0x0000000090d00000, 0x0000000090e00000, 0x0000000090e00000|100%| S|CS|TAMS 0x0000000090d00000| PB 0x0000000090d00000| Complete 
| 270|0x0000000090e00000, 0x0000000090e00000, 0x0000000090f00000|  0%| F|  |TAMS 0x0000000090e00000| PB 0x0000000090e00000| Untracked 
| 271|0x0000000090f00000, 0x0000000090f00000, 0x0000000091000000|  0%| F|  |TAMS 0x0000000090f00000| PB 0x0000000090f00000| Untracked 
| 272|0x0000000091000000, 0x0000000091000000, 0x0000000091100000|  0%| F|  |TAMS 0x0000000091000000| PB 0x0000000091000000| Untracked 
| 273|0x0000000091100000, 0x0000000091100000, 0x0000000091200000|  0%| F|  |TAMS 0x0000000091100000| PB 0x0000000091100000| Untracked 
| 274|0x0000000091200000, 0x0000000091200000, 0x0000000091300000|  0%| F|  |TAMS 0x0000000091200000| PB 0x0000000091200000| Untracked 
| 275|0x0000000091300000, 0x0000000091300000, 0x0000000091400000|  0%| F|  |TAMS 0x0000000091300000| PB 0x0000000091300000| Untracked 
| 276|0x0000000091400000, 0x0000000091400000, 0x0000000091500000|  0%| F|  |TAMS 0x0000000091400000| PB 0x0000000091400000| Untracked 
| 277|0x0000000091500000, 0x0000000091500000, 0x0000000091600000|  0%| F|  |TAMS 0x0000000091500000| PB 0x0000000091500000| Untracked 
| 278|0x0000000091600000, 0x0000000091600000, 0x0000000091700000|  0%| F|  |TAMS 0x0000000091600000| PB 0x0000000091600000| Untracked 
| 279|0x0000000091700000, 0x0000000091700000, 0x0000000091800000|  0%| F|  |TAMS 0x0000000091700000| PB 0x0000000091700000| Untracked 
| 280|0x0000000091800000, 0x0000000091800000, 0x0000000091900000|  0%| F|  |TAMS 0x0000000091800000| PB 0x0000000091800000| Untracked 
| 281|0x0000000091900000, 0x0000000091900000, 0x0000000091a00000|  0%| F|  |TAMS 0x0000000091900000| PB 0x0000000091900000| Untracked 
| 282|0x0000000091a00000, 0x0000000091a00000, 0x0000000091b00000|  0%| F|  |TAMS 0x0000000091a00000| PB 0x0000000091a00000| Untracked 
| 283|0x0000000091b00000, 0x0000000091b00000, 0x0000000091c00000|  0%| F|  |TAMS 0x0000000091b00000| PB 0x0000000091b00000| Untracked 
| 284|0x0000000091c00000, 0x0000000091c00000, 0x0000000091d00000|  0%| F|  |TAMS 0x0000000091c00000| PB 0x0000000091c00000| Untracked 
| 285|0x0000000091d00000, 0x0000000091d00000, 0x0000000091e00000|  0%| F|  |TAMS 0x0000000091d00000| PB 0x0000000091d00000| Untracked 
| 286|0x0000000091e00000, 0x0000000091e00000, 0x0000000091f00000|  0%| F|  |TAMS 0x0000000091e00000| PB 0x0000000091e00000| Untracked 
| 287|0x0000000091f00000, 0x0000000091f00000, 0x0000000092000000|  0%| F|  |TAMS 0x0000000091f00000| PB 0x0000000091f00000| Untracked 
| 288|0x0000000092000000, 0x0000000092000000, 0x0000000092100000|  0%| F|  |TAMS 0x0000000092000000| PB 0x0000000092000000| Untracked 
| 289|0x0000000092100000, 0x0000000092100000, 0x0000000092200000|  0%| F|  |TAMS 0x0000000092100000| PB 0x0000000092100000| Untracked 
| 290|0x0000000092200000, 0x0000000092200000, 0x0000000092300000|  0%| F|  |TAMS 0x0000000092200000| PB 0x0000000092200000| Untracked 
| 291|0x0000000092300000, 0x0000000092300000, 0x0000000092400000|  0%| F|  |TAMS 0x0000000092300000| PB 0x0000000092300000| Untracked 
| 292|0x0000000092400000, 0x0000000092400000, 0x0000000092500000|  0%| F|  |TAMS 0x0000000092400000| PB 0x0000000092400000| Untracked 
| 293|0x0000000092500000, 0x0000000092500000, 0x0000000092600000|  0%| F|  |TAMS 0x0000000092500000| PB 0x0000000092500000| Untracked 
| 294|0x0000000092600000, 0x0000000092600000, 0x0000000092700000|  0%| F|  |TAMS 0x0000000092600000| PB 0x0000000092600000| Untracked 
| 295|0x0000000092700000, 0x0000000092700000, 0x0000000092800000|  0%| F|  |TAMS 0x0000000092700000| PB 0x0000000092700000| Untracked 
| 296|0x0000000092800000, 0x0000000092800000, 0x0000000092900000|  0%| F|  |TAMS 0x0000000092800000| PB 0x0000000092800000| Untracked 
| 297|0x0000000092900000, 0x0000000092900000, 0x0000000092a00000|  0%| F|  |TAMS 0x0000000092900000| PB 0x0000000092900000| Untracked 
| 298|0x0000000092a00000, 0x0000000092a00000, 0x0000000092b00000|  0%| F|  |TAMS 0x0000000092a00000| PB 0x0000000092a00000| Untracked 
| 299|0x0000000092b00000, 0x0000000092b00000, 0x0000000092c00000|  0%| F|  |TAMS 0x0000000092b00000| PB 0x0000000092b00000| Untracked 
| 300|0x0000000092c00000, 0x0000000092c00000, 0x0000000092d00000|  0%| F|  |TAMS 0x0000000092c00000| PB 0x0000000092c00000| Untracked 
| 301|0x0000000092d00000, 0x0000000092d00000, 0x0000000092e00000|  0%| F|  |TAMS 0x0000000092d00000| PB 0x0000000092d00000| Untracked 
| 302|0x0000000092e00000, 0x0000000092e00000, 0x0000000092f00000|  0%| F|  |TAMS 0x0000000092e00000| PB 0x0000000092e00000| Untracked 
| 303|0x0000000092f00000, 0x0000000092f00000, 0x0000000093000000|  0%| F|  |TAMS 0x0000000092f00000| PB 0x0000000092f00000| Untracked 
| 304|0x0000000093000000, 0x0000000093000000, 0x0000000093100000|  0%| F|  |TAMS 0x0000000093000000| PB 0x0000000093000000| Untracked 
| 305|0x0000000093100000, 0x0000000093100000, 0x0000000093200000|  0%| F|  |TAMS 0x0000000093100000| PB 0x0000000093100000| Untracked 
| 306|0x0000000093200000, 0x0000000093200000, 0x0000000093300000|  0%| F|  |TAMS 0x0000000093200000| PB 0x0000000093200000| Untracked 
| 307|0x0000000093300000, 0x0000000093300000, 0x0000000093400000|  0%| F|  |TAMS 0x0000000093300000| PB 0x0000000093300000| Untracked 
| 308|0x0000000093400000, 0x0000000093400000, 0x0000000093500000|  0%| F|  |TAMS 0x0000000093400000| PB 0x0000000093400000| Untracked 
| 309|0x0000000093500000, 0x0000000093500000, 0x0000000093600000|  0%| F|  |TAMS 0x0000000093500000| PB 0x0000000093500000| Untracked 
| 310|0x0000000093600000, 0x0000000093600000, 0x0000000093700000|  0%| F|  |TAMS 0x0000000093600000| PB 0x0000000093600000| Untracked 
| 311|0x0000000093700000, 0x0000000093700000, 0x0000000093800000|  0%| F|  |TAMS 0x0000000093700000| PB 0x0000000093700000| Untracked 
| 312|0x0000000093800000, 0x0000000093800000, 0x0000000093900000|  0%| F|  |TAMS 0x0000000093800000| PB 0x0000000093800000| Untracked 
| 313|0x0000000093900000, 0x0000000093900000, 0x0000000093a00000|  0%| F|  |TAMS 0x0000000093900000| PB 0x0000000093900000| Untracked 
| 314|0x0000000093a00000, 0x0000000093a00000, 0x0000000093b00000|  0%| F|  |TAMS 0x0000000093a00000| PB 0x0000000093a00000| Untracked 
| 315|0x0000000093b00000, 0x0000000093b00000, 0x0000000093c00000|  0%| F|  |TAMS 0x0000000093b00000| PB 0x0000000093b00000| Untracked 
| 316|0x0000000093c00000, 0x0000000093c00000, 0x0000000093d00000|  0%| F|  |TAMS 0x0000000093c00000| PB 0x0000000093c00000| Untracked 
| 317|0x0000000093d00000, 0x0000000093d00000, 0x0000000093e00000|  0%| F|  |TAMS 0x0000000093d00000| PB 0x0000000093d00000| Untracked 
| 318|0x0000000093e00000, 0x0000000093e00000, 0x0000000093f00000|  0%| F|  |TAMS 0x0000000093e00000| PB 0x0000000093e00000| Untracked 
| 319|0x0000000093f00000, 0x0000000093f00000, 0x0000000094000000|  0%| F|  |TAMS 0x0000000093f00000| PB 0x0000000093f00000| Untracked 
| 320|0x0000000094000000, 0x0000000094000000, 0x0000000094100000|  0%| F|  |TAMS 0x0000000094000000| PB 0x0000000094000000| Untracked 
| 321|0x0000000094100000, 0x0000000094100000, 0x0000000094200000|  0%| F|  |TAMS 0x0000000094100000| PB 0x0000000094100000| Untracked 
| 322|0x0000000094200000, 0x0000000094200000, 0x0000000094300000|  0%| F|  |TAMS 0x0000000094200000| PB 0x0000000094200000| Untracked 
| 323|0x0000000094300000, 0x0000000094300000, 0x0000000094400000|  0%| F|  |TAMS 0x0000000094300000| PB 0x0000000094300000| Untracked 
| 324|0x0000000094400000, 0x0000000094400000, 0x0000000094500000|  0%| F|  |TAMS 0x0000000094400000| PB 0x0000000094400000| Untracked 
| 325|0x0000000094500000, 0x0000000094500000, 0x0000000094600000|  0%| F|  |TAMS 0x0000000094500000| PB 0x0000000094500000| Untracked 
| 326|0x0000000094600000, 0x0000000094600000, 0x0000000094700000|  0%| F|  |TAMS 0x0000000094600000| PB 0x0000000094600000| Untracked 
| 327|0x0000000094700000, 0x0000000094700000, 0x0000000094800000|  0%| F|  |TAMS 0x0000000094700000| PB 0x0000000094700000| Untracked 
| 328|0x0000000094800000, 0x0000000094800000, 0x0000000094900000|  0%| F|  |TAMS 0x0000000094800000| PB 0x0000000094800000| Untracked 
| 329|0x0000000094900000, 0x0000000094900000, 0x0000000094a00000|  0%| F|  |TAMS 0x0000000094900000| PB 0x0000000094900000| Untracked 
| 330|0x0000000094a00000, 0x0000000094a00000, 0x0000000094b00000|  0%| F|  |TAMS 0x0000000094a00000| PB 0x0000000094a00000| Untracked 
| 331|0x0000000094b00000, 0x0000000094b00000, 0x0000000094c00000|  0%| F|  |TAMS 0x0000000094b00000| PB 0x0000000094b00000| Untracked 
| 332|0x0000000094c00000, 0x0000000094c00000, 0x0000000094d00000|  0%| F|  |TAMS 0x0000000094c00000| PB 0x0000000094c00000| Untracked 
| 333|0x0000000094d00000, 0x0000000094d00000, 0x0000000094e00000|  0%| F|  |TAMS 0x0000000094d00000| PB 0x0000000094d00000| Untracked 
| 334|0x0000000094e00000, 0x0000000094e00000, 0x0000000094f00000|  0%| F|  |TAMS 0x0000000094e00000| PB 0x0000000094e00000| Untracked 
| 335|0x0000000094f00000, 0x0000000094f00000, 0x0000000095000000|  0%| F|  |TAMS 0x0000000094f00000| PB 0x0000000094f00000| Untracked 
| 336|0x0000000095000000, 0x0000000095000000, 0x0000000095100000|  0%| F|  |TAMS 0x0000000095000000| PB 0x0000000095000000| Untracked 
| 337|0x0000000095100000, 0x0000000095100000, 0x0000000095200000|  0%| F|  |TAMS 0x0000000095100000| PB 0x0000000095100000| Untracked 
| 338|0x0000000095200000, 0x0000000095200000, 0x0000000095300000|  0%| F|  |TAMS 0x0000000095200000| PB 0x0000000095200000| Untracked 
| 339|0x0000000095300000, 0x0000000095300000, 0x0000000095400000|  0%| F|  |TAMS 0x0000000095300000| PB 0x0000000095300000| Untracked 
| 340|0x0000000095400000, 0x0000000095400000, 0x0000000095500000|  0%| F|  |TAMS 0x0000000095400000| PB 0x0000000095400000| Untracked 
| 341|0x0000000095500000, 0x0000000095500000, 0x0000000095600000|  0%| F|  |TAMS 0x0000000095500000| PB 0x0000000095500000| Untracked 
| 342|0x0000000095600000, 0x0000000095600000, 0x0000000095700000|  0%| F|  |TAMS 0x0000000095600000| PB 0x0000000095600000| Untracked 
| 343|0x0000000095700000, 0x0000000095700000, 0x0000000095800000|  0%| F|  |TAMS 0x0000000095700000| PB 0x0000000095700000| Untracked 
| 344|0x0000000095800000, 0x0000000095800000, 0x0000000095900000|  0%| F|  |TAMS 0x0000000095800000| PB 0x0000000095800000| Untracked 
| 345|0x0000000095900000, 0x0000000095900000, 0x0000000095a00000|  0%| F|  |TAMS 0x0000000095900000| PB 0x0000000095900000| Untracked 
| 346|0x0000000095a00000, 0x0000000095a00000, 0x0000000095b00000|  0%| F|  |TAMS 0x0000000095a00000| PB 0x0000000095a00000| Untracked 
| 347|0x0000000095b00000, 0x0000000095b00000, 0x0000000095c00000|  0%| F|  |TAMS 0x0000000095b00000| PB 0x0000000095b00000| Untracked 
| 348|0x0000000095c00000, 0x0000000095c00000, 0x0000000095d00000|  0%| F|  |TAMS 0x0000000095c00000| PB 0x0000000095c00000| Untracked 
| 349|0x0000000095d00000, 0x0000000095d00000, 0x0000000095e00000|  0%| F|  |TAMS 0x0000000095d00000| PB 0x0000000095d00000| Untracked 
| 350|0x0000000095e00000, 0x0000000095e00000, 0x0000000095f00000|  0%| F|  |TAMS 0x0000000095e00000| PB 0x0000000095e00000| Untracked 
| 351|0x0000000095f00000, 0x0000000095f00000, 0x0000000096000000|  0%| F|  |TAMS 0x0000000095f00000| PB 0x0000000095f00000| Untracked 
| 352|0x0000000096000000, 0x0000000096000000, 0x0000000096100000|  0%| F|  |TAMS 0x0000000096000000| PB 0x0000000096000000| Untracked 
| 353|0x0000000096100000, 0x0000000096100000, 0x0000000096200000|  0%| F|  |TAMS 0x0000000096100000| PB 0x0000000096100000| Untracked 
| 354|0x0000000096200000, 0x0000000096200000, 0x0000000096300000|  0%| F|  |TAMS 0x0000000096200000| PB 0x0000000096200000| Untracked 
| 355|0x0000000096300000, 0x0000000096300000, 0x0000000096400000|  0%| F|  |TAMS 0x0000000096300000| PB 0x0000000096300000| Untracked 
| 356|0x0000000096400000, 0x0000000096400000, 0x0000000096500000|  0%| F|  |TAMS 0x0000000096400000| PB 0x0000000096400000| Untracked 
| 357|0x0000000096500000, 0x0000000096500000, 0x0000000096600000|  0%| F|  |TAMS 0x0000000096500000| PB 0x0000000096500000| Untracked 
| 358|0x0000000096600000, 0x0000000096600000, 0x0000000096700000|  0%| F|  |TAMS 0x0000000096600000| PB 0x0000000096600000| Untracked 
| 359|0x0000000096700000, 0x0000000096700000, 0x0000000096800000|  0%| F|  |TAMS 0x0000000096700000| PB 0x0000000096700000| Untracked 
| 360|0x0000000096800000, 0x0000000096800000, 0x0000000096900000|  0%| F|  |TAMS 0x0000000096800000| PB 0x0000000096800000| Untracked 
| 361|0x0000000096900000, 0x0000000096900000, 0x0000000096a00000|  0%| F|  |TAMS 0x0000000096900000| PB 0x0000000096900000| Untracked 
| 362|0x0000000096a00000, 0x0000000096a00000, 0x0000000096b00000|  0%| F|  |TAMS 0x0000000096a00000| PB 0x0000000096a00000| Untracked 
| 363|0x0000000096b00000, 0x0000000096b00000, 0x0000000096c00000|  0%| F|  |TAMS 0x0000000096b00000| PB 0x0000000096b00000| Untracked 
| 364|0x0000000096c00000, 0x0000000096c00000, 0x0000000096d00000|  0%| F|  |TAMS 0x0000000096c00000| PB 0x0000000096c00000| Untracked 
| 365|0x0000000096d00000, 0x0000000096d00000, 0x0000000096e00000|  0%| F|  |TAMS 0x0000000096d00000| PB 0x0000000096d00000| Untracked 
| 366|0x0000000096e00000, 0x0000000096e00000, 0x0000000096f00000|  0%| F|  |TAMS 0x0000000096e00000| PB 0x0000000096e00000| Untracked 
| 367|0x0000000096f00000, 0x0000000096f00000, 0x0000000097000000|  0%| F|  |TAMS 0x0000000096f00000| PB 0x0000000096f00000| Untracked 
| 368|0x0000000097000000, 0x0000000097000000, 0x0000000097100000|  0%| F|  |TAMS 0x0000000097000000| PB 0x0000000097000000| Untracked 
| 369|0x0000000097100000, 0x0000000097100000, 0x0000000097200000|  0%| F|  |TAMS 0x0000000097100000| PB 0x0000000097100000| Untracked 
| 370|0x0000000097200000, 0x0000000097200000, 0x0000000097300000|  0%| F|  |TAMS 0x0000000097200000| PB 0x0000000097200000| Untracked 
| 371|0x0000000097300000, 0x0000000097300000, 0x0000000097400000|  0%| F|  |TAMS 0x0000000097300000| PB 0x0000000097300000| Untracked 
| 372|0x0000000097400000, 0x0000000097400000, 0x0000000097500000|  0%| F|  |TAMS 0x0000000097400000| PB 0x0000000097400000| Untracked 
| 373|0x0000000097500000, 0x0000000097500000, 0x0000000097600000|  0%| F|  |TAMS 0x0000000097500000| PB 0x0000000097500000| Untracked 
|2037|0x00000000ff500000, 0x00000000ff500000, 0x00000000ff600000|  0%| F|  |TAMS 0x00000000ff500000| PB 0x00000000ff500000| Untracked 
|2038|0x00000000ff600000, 0x00000000ff600000, 0x00000000ff700000|  0%| F|  |TAMS 0x00000000ff600000| PB 0x00000000ff600000| Untracked 
|2039|0x00000000ff700000, 0x00000000ff7ae320, 0x00000000ff800000| 68%| E|  |TAMS 0x00000000ff700000| PB 0x00000000ff700000| Complete 
|2040|0x00000000ff800000, 0x00000000ff900000, 0x00000000ff900000|100%| E|CS|TAMS 0x00000000ff800000| PB 0x00000000ff800000| Complete 
|2041|0x00000000ff900000, 0x00000000ffa00000, 0x00000000ffa00000|100%| E|CS|TAMS 0x00000000ff900000| PB 0x00000000ff900000| Complete 
|2042|0x00000000ffa00000, 0x00000000ffb00000, 0x00000000ffb00000|100%| E|CS|TAMS 0x00000000ffa00000| PB 0x00000000ffa00000| Complete 
|2043|0x00000000ffb00000, 0x00000000ffc00000, 0x00000000ffc00000|100%| E|  |TAMS 0x00000000ffb00000| PB 0x00000000ffb00000| Complete 
|2044|0x00000000ffc00000, 0x00000000ffd00000, 0x00000000ffd00000|100%| E|CS|TAMS 0x00000000ffc00000| PB 0x00000000ffc00000| Complete 
|2045|0x00000000ffd00000, 0x00000000ffe00000, 0x00000000ffe00000|100%| O|  |TAMS 0x00000000ffe00000| PB 0x00000000ffd00000| Updating 
|2046|0x00000000ffe00000, 0x00000000fff00000, 0x00000000fff00000|100%| E|CS|TAMS 0x00000000ffe00000| PB 0x00000000ffe00000| Complete 
|2047|0x00000000fff00000, 0x0000000100000000, 0x0000000100000000|100%| O|  |TAMS 0x0000000100000000| PB 0x00000000fff00000| Updating 

Card table byte_map: [0x0000794dd5200000,0x0000794dd5600000] _byte_map_base: 0x0000794dd4e00000

Marking Bits: (CMBitMap*) 0x0000794de8088ab0
 Bits: [0x0000794dd3200000, 0x0000794dd5200000)

Polling page: 0x0000794dee1f7000

Metaspace:

Usage:
  Non-class:    133.01 MB used.
      Class:     21.32 MB used.
       Both:    154.33 MB used.

Virtual space:
  Non-class space:      192.00 MB reserved,     134.31 MB ( 70%) committed,  3 nodes.
      Class space:        1.00 GB reserved,      22.50 MB (  2%) committed,  1 nodes.
             Both:        1.19 GB reserved,     156.81 MB ( 13%) committed. 

Chunk freelists:
   Non-Class:  8.82 MB
       Class:  9.54 MB
        Both:  18.37 MB

MaxMetaspaceSize: unlimited
CompressedClassSpaceSize: 1.00 GB
Initial GC threshold: 21.00 MB
Current GC threshold: 261.38 MB
CDS: off
 - commit_granule_bytes: 65536.
 - commit_granule_words: 8192.
 - virtual_space_node_default_size: 8388608.
 - enlarge_chunks_in_place: 1.
 - use_allocation_guard: 0.


Internal statistics:

num_allocs_failed_limit: 6.
num_arena_births: 4962.
num_arena_deaths: 42.
num_vsnodes_births: 4.
num_vsnodes_deaths: 0.
num_space_committed: 2508.
num_space_uncommitted: 0.
num_chunks_returned_to_freelist: 64.
num_chunks_taken_from_freelist: 11755.
num_chunk_merges: 24.
num_chunk_splits: 7703.
num_chunks_enlarged: 4906.
num_inconsistent_stats: 0.

CodeHeap 'non-profiled nmethods': size=120028Kb used=8641Kb max_used=9422Kb free=111386Kb
 bounds [0x0000794ddd8c9000, 0x0000794dde209000, 0x0000794de4e00000]
CodeHeap 'profiled nmethods': size=120028Kb used=30392Kb max_used=34516Kb free=89635Kb
 bounds [0x0000794dd5e00000, 0x0000794dd7fc0000, 0x0000794ddd337000]
CodeHeap 'non-nmethods': size=5704Kb used=2993Kb max_used=3084Kb free=2710Kb
 bounds [0x0000794ddd337000, 0x0000794ddd647000, 0x0000794ddd8c9000]
 total_blobs=17471 nmethods=16362 adapters=1011
 compilation: enabled
              stopped_count=0, restarted_count=0
 full_count=0

Compilation events (20 events):
Event: 68.821 Thread 0x0000794de82a0550 nmethod 23123 0x0000794dd5e1bc90 code [0x0000794dd5e1bee0, 0x0000794dd5e1c830]
Event: 68.821 Thread 0x0000794de829eea0 nmethod 23099 0x0000794dddcc6a90 code [0x0000794dddcc6d60, 0x0000794dddcc8240]
Event: 68.821 Thread 0x0000794de829eea0 23018       4       org.gradle.internal.hash.HashCode$HashCode128::toByteArray (26 bytes)
Event: 68.822 Thread 0x0000794de82a0550 23126       3       org.gradle.tooling.internal.provider.runner.TaskOperationMapper::createDescriptor (11 bytes)
Event: 68.822 Thread 0x0000794de82a0550 nmethod 23126 0x0000794dd5e5c210 code [0x0000794dd5e5c3c0, 0x0000794dd5e5c5e8]
Event: 68.822 Thread 0x0000794de82a0550 23129       3       org.gradle.internal.build.event.types.DefaultTaskDescriptor::getId (5 bytes)
Event: 68.822 Thread 0x0000794de82a0550 nmethod 23129 0x0000794dd5e05c10 code [0x0000794dd5e05da0, 0x0000794dd5e05eb8]
Event: 68.822 Thread 0x0000794de82a0550 23127       3       org.gradle.tooling.internal.provider.runner.TaskOperationMapper::createDescriptor (132 bytes)
Event: 68.822 Thread 0x0000794de829eea0 nmethod 23018 0x0000794ddd8d5790 code [0x0000794ddd8d5920, 0x0000794ddd8d5b48]
Event: 68.822 Thread 0x0000794de829eea0 23023       4       org.gradle.internal.instantiation.generator.AbstractClassGenerator$PropertyMetadata$$Lambda/0x00000001002c3ba0::get (12 bytes)
Event: 68.823 Thread 0x0000794de82a0550 nmethod 23127 0x0000794dd640f590 code [0x0000794dd640f820, 0x0000794dd6410520]
Event: 68.823 Thread 0x0000794de82a0550 23128       3       org.gradle.tooling.internal.provider.runner.OperationDependenciesResolver$$Lambda/0x00000001010b4758::get (8 bytes)
Event: 68.823 Thread 0x0000794de82a0550 nmethod 23128 0x0000794dd5e66910 code [0x0000794dd5e66ae0, 0x0000794dd5e66ce8]
Event: 68.823 Thread 0x0000794de82a0550 23130       1       org.gradle.internal.operations.DefaultBuildOperationRunner$DefaultBuildOperationContext::failed (6 bytes)
Event: 68.823 Thread 0x0000794de82a0550 nmethod 23130 0x0000794ddd8d3390 code [0x0000794ddd8d3520, 0x0000794ddd8d3628]
Event: 68.824 Thread 0x0000794de82a0550 23132       3       com.android.utils.FileUtils::join (23 bytes)
Event: 68.825 Thread 0x0000794de82a0550 nmethod 23132 0x0000794dd5eca910 code [0x0000794dd5ecabc0, 0x0000794dd5ecb948]
Event: 68.825 Thread 0x0000794de82a0550 23133       3       com.google.common.base.Joiner::join (9 bytes)
Event: 68.825 Thread 0x0000794de82a0550 nmethod 23133 0x0000794dd5e4ed90 code [0x0000794dd5e4f020, 0x0000794dd5e4fc38]
Event: 68.826 Thread 0x0000794de82a0550 23136       3       com.google.gson.stream.JsonWriter::string (171 bytes)

GC Heap History (20 events):
Event: 11.948 GC heap before
{Heap before GC invocations=53 (full 0):
 garbage-first heap   total 309248K, used 247626K [0x0000000080000000, 0x0000000100000000)
  region size 1024K, 84 young (86016K), 9 survivors (9216K)
 Metaspace       used 125050K, committed 127360K, reserved 1179648K
  class space    used 17077K, committed 18240K, reserved 1048576K
}
Event: 11.953 GC heap after
{Heap after GC invocations=54 (full 0):
 garbage-first heap   total 309248K, used 175585K [0x0000000080000000, 0x0000000100000000)
  region size 1024K, 10 young (10240K), 10 survivors (10240K)
 Metaspace       used 125050K, committed 127360K, reserved 1179648K
  class space    used 17077K, committed 18240K, reserved 1048576K
}
Event: 18.410 GC heap before
{Heap before GC invocations=54 (full 0):
 garbage-first heap   total 309248K, used 255457K [0x0000000080000000, 0x0000000100000000)
  region size 1024K, 89 young (91136K), 10 survivors (10240K)
 Metaspace       used 125765K, committed 128192K, reserved 1179648K
  class space    used 17148K, committed 18368K, reserved 1048576K
}
Event: 18.415 GC heap after
{Heap after GC invocations=55 (full 0):
 garbage-first heap   total 309248K, used 180567K [0x0000000080000000, 0x0000000100000000)
  region size 1024K, 12 young (12288K), 12 survivors (12288K)
 Metaspace       used 125765K, committed 128192K, reserved 1179648K
  class space    used 17148K, committed 18368K, reserved 1048576K
}
Event: 18.513 GC heap before
{Heap before GC invocations=55 (full 0):
 garbage-first heap   total 309248K, used 205143K [0x0000000080000000, 0x0000000100000000)
  region size 1024K, 38 young (38912K), 12 survivors (12288K)
 Metaspace       used 126620K, committed 129024K, reserved 1179648K
  class space    used 17226K, committed 18432K, reserved 1048576K
}
Event: 18.517 GC heap after
{Heap after GC invocations=56 (full 0):
 garbage-first heap   total 309248K, used 182336K [0x0000000080000000, 0x0000000100000000)
  region size 1024K, 5 young (5120K), 5 survivors (5120K)
 Metaspace       used 126620K, committed 129024K, reserved 1179648K
  class space    used 17226K, committed 18432K, reserved 1048576K
}
Event: 18.979 GC heap before
{Heap before GC invocations=57 (full 0):
 garbage-first heap   total 309248K, used 250944K [0x0000000080000000, 0x0000000100000000)
  region size 1024K, 87 young (89088K), 5 survivors (5120K)
 Metaspace       used 130400K, committed 132800K, reserved 1179648K
  class space    used 17551K, committed 18752K, reserved 1048576K
}
Event: 18.982 GC heap after
{Heap after GC invocations=58 (full 0):
 garbage-first heap   total 309248K, used 166853K [0x0000000080000000, 0x0000000100000000)
  region size 1024K, 6 young (6144K), 6 survivors (6144K)
 Metaspace       used 130400K, committed 132800K, reserved 1179648K
  class space    used 17551K, committed 18752K, reserved 1048576K
}
Event: 32.437 GC heap before
{Heap before GC invocations=58 (full 0):
 garbage-first heap   total 309248K, used 269253K [0x0000000080000000, 0x0000000100000000)
  region size 1024K, 105 young (107520K), 6 survivors (6144K)
 Metaspace       used 138826K, committed 141312K, reserved 1179648K
  class space    used 18846K, committed 20096K, reserved 1048576K
}
Event: 32.443 GC heap after
{Heap after GC invocations=59 (full 0):
 garbage-first heap   total 309248K, used 158597K [0x0000000080000000, 0x0000000100000000)
  region size 1024K, 13 young (13312K), 13 survivors (13312K)
 Metaspace       used 138826K, committed 141312K, reserved 1179648K
  class space    used 18846K, committed 20096K, reserved 1048576K
}
Event: 33.224 GC heap before
{Heap before GC invocations=59 (full 0):
 garbage-first heap   total 309248K, used 267141K [0x0000000080000000, 0x0000000100000000)
  region size 1024K, 120 young (122880K), 13 survivors (13312K)
 Metaspace       used 150310K, committed 152768K, reserved 1245184K
  class space    used 20772K, committed 22016K, reserved 1048576K
}
Event: 33.245 GC heap after
{Heap after GC invocations=60 (full 0):
 garbage-first heap   total 309248K, used 167743K [0x0000000080000000, 0x0000000100000000)
  region size 1024K, 11 young (11264K), 11 survivors (11264K)
 Metaspace       used 150310K, committed 152768K, reserved 1245184K
  class space    used 20772K, committed 22016K, reserved 1048576K
}
Event: 33.661 GC heap before
{Heap before GC invocations=60 (full 0):
 garbage-first heap   total 309248K, used 230207K [0x0000000080000000, 0x0000000100000000)
  region size 1024K, 74 young (75776K), 11 survivors (11264K)
 Metaspace       used 152427K, committed 154880K, reserved 1245184K
  class space    used 21117K, committed 22336K, reserved 1048576K
}
Event: 33.677 GC heap after
{Heap after GC invocations=61 (full 0):
 garbage-first heap   total 309248K, used 167937K [0x0000000080000000, 0x0000000100000000)
  region size 1024K, 4 young (4096K), 4 survivors (4096K)
 Metaspace       used 152427K, committed 154880K, reserved 1245184K
  class space    used 21117K, committed 22336K, reserved 1048576K
}
Event: 34.910 GC heap before
{Heap before GC invocations=62 (full 0):
 garbage-first heap   total 309248K, used 307201K [0x0000000080000000, 0x0000000100000000)
  region size 1024K, 87 young (89088K), 4 survivors (4096K)
 Metaspace       used 156661K, committed 159104K, reserved 1245184K
  class space    used 21747K, committed 22912K, reserved 1048576K
}
Event: 34.913 GC heap after
{Heap after GC invocations=63 (full 0):
 garbage-first heap   total 312320K, used 166777K [0x0000000080000000, 0x0000000100000000)
  region size 1024K, 3 young (3072K), 3 survivors (3072K)
 Metaspace       used 156661K, committed 159104K, reserved 1245184K
  class space    used 21747K, committed 22912K, reserved 1048576K
}
Event: 68.041 GC heap before
{Heap before GC invocations=63 (full 0):
 garbage-first heap   total 312320K, used 281465K [0x0000000080000000, 0x0000000100000000)
  region size 1024K, 115 young (117760K), 3 survivors (3072K)
 Metaspace       used 157423K, committed 159872K, reserved 1245184K
  class space    used 21771K, committed 22976K, reserved 1048576K
}
Event: 68.049 GC heap after
{Heap after GC invocations=64 (full 0):
 garbage-first heap   total 312320K, used 174714K [0x0000000080000000, 0x0000000100000000)
  region size 1024K, 15 young (15360K), 15 survivors (15360K)
 Metaspace       used 157423K, committed 159872K, reserved 1245184K
  class space    used 21771K, committed 22976K, reserved 1048576K
}
Event: 68.721 GC heap before
{Heap before GC invocations=64 (full 0):
 garbage-first heap   total 312320K, used 207482K [0x0000000080000000, 0x0000000100000000)
  region size 1024K, 48 young (49152K), 15 survivors (15360K)
 Metaspace       used 158053K, committed 160576K, reserved 1245184K
  class space    used 21838K, committed 23040K, reserved 1048576K
}
Event: 68.728 GC heap after
{Heap after GC invocations=65 (full 0):
 garbage-first heap   total 312320K, used 178827K [0x0000000080000000, 0x0000000100000000)
  region size 1024K, 4 young (4096K), 4 survivors (4096K)
 Metaspace       used 158053K, committed 160576K, reserved 1245184K
  class space    used 21838K, committed 23040K, reserved 1048576K
}

Dll operation events (14 events):
Event: 0.003 Loaded shared library /home/etienne/Downloads/android-studio-2025.1.3 (2).7-linux/android-studio/jbr/lib/libjava.so
Event: 0.005 Loaded shared library /home/etienne/Downloads/android-studio-2025.1.3 (2).7-linux/android-studio/jbr/lib/libzip.so
Event: 0.080 Loaded shared library /home/etienne/Downloads/android-studio-2025.1.3 (2).7-linux/android-studio/jbr/lib/libinstrument.so
Event: 0.083 Loaded shared library /home/etienne/Downloads/android-studio-2025.1.3 (2).7-linux/android-studio/jbr/lib/libnio.so
Event: 0.088 Loaded shared library /home/etienne/Downloads/android-studio-2025.1.3 (2).7-linux/android-studio/jbr/lib/libzip.so
Event: 0.172 Loaded shared library /home/etienne/Downloads/android-studio-2025.1.3 (2).7-linux/android-studio/jbr/lib/libjimage.so
Event: 0.224 Loaded shared library /home/etienne/Downloads/android-studio-2025.1.3 (2).7-linux/android-studio/jbr/lib/libverify.so
Event: 0.262 Loaded shared library /home/etienne/Downloads/android-studio-2025.1.3 (2).7-linux/android-studio/jbr/lib/libnet.so
Event: 0.263 Loaded shared library /home/etienne/.gradle/native/1def1411415f61bf3af743bc5b6707747c0891f09f0c88961ee8f79bc544acac/linux-amd64/libnative-platform.so
Event: 0.272 Loaded shared library /home/etienne/.gradle/native/0.2.7/x86_64-linux-gnu/libgradle-fileevents.so
Event: 0.608 Loaded shared library /home/etienne/Downloads/android-studio-2025.1.3 (2).7-linux/android-studio/jbr/lib/libmanagement.so
Event: 0.609 Loaded shared library /home/etienne/Downloads/android-studio-2025.1.3 (2).7-linux/android-studio/jbr/lib/libmanagement_ext.so
Event: 0.660 Loaded shared library /home/etienne/Downloads/android-studio-2025.1.3 (2).7-linux/android-studio/jbr/lib/libextnet.so
Event: 19.623 Loaded shared library /home/etienne/Downloads/android-studio-2025.1.3 (2).7-linux/android-studio/jbr/lib/librmi.so

Deoptimization events (20 events):
Event: 68.767 Thread 0x0000794c7c0c87a0 DEOPT PACKING pc=0x0000794dd6b47855 sp=0x0000794c4f5fc5d0
Event: 68.767 Thread 0x0000794c7c0c87a0 DEOPT UNPACKING pc=0x0000794ddd38b72f sp=0x0000794c4f5fba70 mode 0
Event: 68.767 Thread 0x0000794c7c0c87a0 DEOPT PACKING pc=0x0000794dd6b47067 sp=0x0000794c4f5fc4c0
Event: 68.767 Thread 0x0000794c7c0c87a0 DEOPT UNPACKING pc=0x0000794ddd38b72f sp=0x0000794c4f5fb960 mode 0
Event: 68.767 Thread 0x0000794c7c0c87a0 DEOPT PACKING pc=0x0000794dd6b47855 sp=0x0000794c4f5fc5d0
Event: 68.767 Thread 0x0000794c7c0c87a0 DEOPT UNPACKING pc=0x0000794ddd38b72f sp=0x0000794c4f5fba70 mode 0
Event: 68.767 Thread 0x0000794c7c0c87a0 DEOPT PACKING pc=0x0000794dd6b47067 sp=0x0000794c4f5fc4c0
Event: 68.767 Thread 0x0000794c7c0c87a0 DEOPT UNPACKING pc=0x0000794ddd38b72f sp=0x0000794c4f5fb960 mode 0
Event: 68.767 Thread 0x0000794c7c0c87a0 DEOPT PACKING pc=0x0000794dd6b47855 sp=0x0000794c4f5fc5d0
Event: 68.767 Thread 0x0000794c7c0c87a0 DEOPT UNPACKING pc=0x0000794ddd38b72f sp=0x0000794c4f5fba70 mode 0
Event: 68.768 Thread 0x0000794c7c0c87a0 DEOPT PACKING pc=0x0000794dd6b47067 sp=0x0000794c4f5fc4c0
Event: 68.768 Thread 0x0000794c7c0c87a0 DEOPT UNPACKING pc=0x0000794ddd38b72f sp=0x0000794c4f5fb960 mode 0
Event: 68.768 Thread 0x0000794c7c0c87a0 DEOPT PACKING pc=0x0000794dd6b47855 sp=0x0000794c4f5fc5d0
Event: 68.768 Thread 0x0000794c7c0c87a0 DEOPT UNPACKING pc=0x0000794ddd38b72f sp=0x0000794c4f5fba70 mode 0
Event: 68.768 Thread 0x0000794c7c0c87a0 DEOPT PACKING pc=0x0000794dd6b47067 sp=0x0000794c4f5fc4c0
Event: 68.768 Thread 0x0000794c7c0c87a0 DEOPT UNPACKING pc=0x0000794ddd38b72f sp=0x0000794c4f5fb960 mode 0
Event: 68.768 Thread 0x0000794c7c0c87a0 DEOPT PACKING pc=0x0000794dd6b47855 sp=0x0000794c4f5fc680
Event: 68.768 Thread 0x0000794c7c0c87a0 DEOPT UNPACKING pc=0x0000794ddd38b72f sp=0x0000794c4f5fbb20 mode 0
Event: 68.826 Thread 0x0000794d680097d0 DEOPT PACKING pc=0x0000794dd73129e5 sp=0x0000794dba1f9f90
Event: 68.826 Thread 0x0000794d680097d0 DEOPT UNPACKING pc=0x0000794ddd38b72f sp=0x0000794dba1f94b8 mode 0

Classes loaded (20 events):
Event: 34.850 Loading class java/lang/ProcessBuilder$NullOutputStream
Event: 34.850 Loading class java/lang/ProcessBuilder$NullOutputStream done
Event: 34.933 Loading class java/util/concurrent/CompletableFuture$AsyncRun
Event: 34.933 Loading class java/util/concurrent/CompletableFuture$AsyncRun done
Event: 49.618 Loading class java/lang/StackStreamFactory
Event: 49.618 Loading class java/lang/StackStreamFactory done
Event: 49.618 Loading class java/lang/StackWalker$ExtendedOption
Event: 49.618 Loading class java/lang/StackWalker$ExtendedOption done
Event: 49.618 Loading class java/lang/StackStreamFactory$StackFrameTraverser
Event: 49.618 Loading class java/lang/StackStreamFactory$StackFrameTraverser done
Event: 49.618 Loading class java/lang/StackStreamFactory$WalkerState
Event: 49.618 Loading class java/lang/StackStreamFactory$WalkerState done
Event: 49.618 Loading class java/lang/StackStreamFactory$StackFrameTraverser$StackFrameBuffer
Event: 49.618 Loading class java/lang/StackStreamFactory$FrameBuffer
Event: 49.619 Loading class java/lang/StackStreamFactory$FrameBuffer done
Event: 49.619 Loading class java/lang/StackStreamFactory$StackFrameTraverser$StackFrameBuffer done
Event: 49.619 Loading class java/util/logging/LogRecord
Event: 49.619 Loading class java/util/logging/LogRecord done
Event: 67.082 Loading class jdk/internal/math/FormattedFPDecimal
Event: 67.082 Loading class jdk/internal/math/FormattedFPDecimal done

Classes unloaded (20 events):
Event: 33.797 Thread 0x0000794de81c47c0 Unloading class 0x0000000101379000 'java/lang/invoke/LambdaForm$DMH+0x0000000101379000'
Event: 33.797 Thread 0x0000794de81c47c0 Unloading class 0x0000000101378400 'java/lang/invoke/LambdaForm$DMH+0x0000000101378400'
Event: 33.797 Thread 0x0000794de81c47c0 Unloading class 0x0000000101378c00 'java/lang/invoke/LambdaForm$DMH+0x0000000101378c00'
Event: 33.797 Thread 0x0000794de81c47c0 Unloading class 0x00000001012d1000 'jdk/internal/reflect/GeneratedSerializationConstructorAccessor201'
Event: 33.797 Thread 0x0000794de81c47c0 Unloading class 0x00000001012d1400 'jdk/internal/reflect/GeneratedSerializationConstructorAccessor202'
Event: 33.797 Thread 0x0000794de81c47c0 Unloading class 0x00000001012d0800 'jdk/internal/reflect/GeneratedSerializationConstructorAccessor200'
Event: 33.797 Thread 0x0000794de81c47c0 Unloading class 0x00000001012d0c00 'jdk/internal/reflect/GeneratedSerializationConstructorAccessor198'
Event: 68.797 Thread 0x0000794de81c47c0 Unloading class 0x0000000101514c00 'java/lang/invoke/LambdaForm$DMH+0x0000000101514c00'
Event: 68.797 Thread 0x0000794de81c47c0 Unloading class 0x0000000101514800 'java/lang/invoke/LambdaForm$DMH+0x0000000101514800'
Event: 68.797 Thread 0x0000794de81c47c0 Unloading class 0x0000000101515000 'java/lang/invoke/LambdaForm$DMH+0x0000000101515000'
Event: 68.797 Thread 0x0000794de81c47c0 Unloading class 0x0000000101514400 'java/lang/invoke/LambdaForm$DMH+0x0000000101514400'
Event: 68.797 Thread 0x0000794de81c47c0 Unloading class 0x0000000101469400 'java/lang/invoke/LambdaForm$DMH+0x0000000101469400'
Event: 68.797 Thread 0x0000794de81c47c0 Unloading class 0x0000000101468c00 'java/lang/invoke/LambdaForm$DMH+0x0000000101468c00'
Event: 68.797 Thread 0x0000794de81c47c0 Unloading class 0x0000000101468400 'java/lang/invoke/LambdaForm$DMH+0x0000000101468400'
Event: 68.797 Thread 0x0000794de81c47c0 Unloading class 0x0000000101409800 'java/lang/invoke/LambdaForm$DMH+0x0000000101409800'
Event: 68.797 Thread 0x0000794de81c47c0 Unloading class 0x0000000101409400 'java/lang/invoke/LambdaForm$DMH+0x0000000101409400'
Event: 68.797 Thread 0x0000794de81c47c0 Unloading class 0x0000000101408c00 'java/lang/invoke/LambdaForm$DMH+0x0000000101408c00'
Event: 68.797 Thread 0x0000794de81c47c0 Unloading class 0x0000000101409000 'java/lang/invoke/LambdaForm$DMH+0x0000000101409000'
Event: 68.797 Thread 0x0000794de81c47c0 Unloading class 0x0000000101408800 'java/lang/invoke/LambdaForm$DMH+0x0000000101408800'
Event: 68.797 Thread 0x0000794de81c47c0 Unloading class 0x0000000101408000 'java/lang/invoke/LambdaForm$DMH+0x0000000101408000'

Classes redefined (0 events):
No events

Internal exceptions (20 events):
Event: 45.760 Thread 0x0000794d56556470 Exception <a 'java/io/IOException'{0x0000000092105308}> (0x0000000092105308) 
thrown [src/hotspot/share/prims/jni.cpp, line 537]
Event: 50.760 Thread 0x0000794d56556470 Exception <a 'java/io/IOException'{0x000000009211d220}> (0x000000009211d220) 
thrown [src/hotspot/share/prims/jni.cpp, line 537]
Event: 55.760 Thread 0x0000794d56556470 Exception <a 'java/io/IOException'{0x000000009214dfc0}> (0x000000009214dfc0) 
thrown [src/hotspot/share/prims/jni.cpp, line 537]
Event: 60.760 Thread 0x0000794d56556470 Exception <a 'java/io/IOException'{0x0000000092165ed8}> (0x0000000092165ed8) 
thrown [src/hotspot/share/prims/jni.cpp, line 537]
Event: 65.760 Thread 0x0000794d56556470 Exception <a 'java/io/IOException'{0x00000000921b5928}> (0x00000000921b5928) 
thrown [src/hotspot/share/prims/jni.cpp, line 537]
Event: 67.212 Thread 0x0000794d680097d0 Exception <a 'sun/nio/fs/UnixException'{0x0000000091b076f0}> (0x0000000091b076f0) 
thrown [src/hotspot/share/prims/jni.cpp, line 537]
Event: 67.212 Thread 0x0000794d680097d0 Exception <a 'sun/nio/fs/UnixException'{0x0000000091b08880}> (0x0000000091b08880) 
thrown [src/hotspot/share/prims/jni.cpp, line 537]
Event: 67.212 Thread 0x0000794d680097d0 Exception <a 'sun/nio/fs/UnixException'{0x0000000091b09a10}> (0x0000000091b09a10) 
thrown [src/hotspot/share/prims/jni.cpp, line 537]
Event: 67.727 Thread 0x0000794d1400a2a0 Exception <a 'sun/nio/fs/UnixException'{0x000000008e4aae68}> (0x000000008e4aae68) 
thrown [src/hotspot/share/prims/jni.cpp, line 537]
Event: 68.196 Thread 0x0000794d1400aee0 Exception <a 'sun/nio/fs/UnixException'{0x00000000ff629e10}> (0x00000000ff629e10) 
thrown [src/hotspot/share/prims/jni.cpp, line 537]
Event: 68.319 Thread 0x0000794d1400aee0 Exception <a 'java/lang/NoSuchMethodError'{0x0000000091abd238}: static Lcom/android/ide/common/resources/MergedAssetWriter$AssetWorkAction;.<clinit>()V> (0x0000000091abd238) 
thrown [src/hotspot/share/prims/jni.cpp, line 1144]
Event: 68.319 Thread 0x0000794d1400aee0 Exception <a 'java/lang/NoSuchMethodError'{0x0000000091addc98}: static Lcom/android/ide/common/resources/AssetItem;.<clinit>()V> (0x0000000091addc98) 
thrown [src/hotspot/share/prims/jni.cpp, line 1144]
Event: 68.319 Thread 0x0000794d1400aee0 Exception <a 'java/lang/NoSuchMethodError'{0x0000000091ae0be0}: static Lcom/android/ide/common/resources/DataItem;.<clinit>()V> (0x0000000091ae0be0) 
thrown [src/hotspot/share/prims/jni.cpp, line 1144]
Event: 68.320 Thread 0x0000794d1400aee0 Exception <a 'java/lang/NoSuchMethodError'{0x0000000091905640}: static Lcom/android/ide/common/resources/AssetFile;.<clinit>()V> (0x0000000091905640) 
thrown [src/hotspot/share/prims/jni.cpp, line 1144]
Event: 68.320 Thread 0x0000794d1400aee0 Exception <a 'java/lang/NoSuchMethodError'{0x0000000091907a90}: static Ljava/lang/Object;.<clinit>()V> (0x0000000091907a90) 
thrown [src/hotspot/share/prims/jni.cpp, line 1144]
Event: 68.323 Thread 0x0000794d28037190 Exception <a 'sun/nio/fs/UnixException'{0x0000000091983078}> (0x0000000091983078) 
thrown [src/hotspot/share/prims/jni.cpp, line 537]
Event: 68.327 Thread 0x0000794d28037190 Exception <a 'sun/nio/fs/UnixException'{0x0000000091983d88}> (0x0000000091983d88) 
thrown [src/hotspot/share/prims/jni.cpp, line 537]
Event: 68.330 Thread 0x0000794d28037190 Exception <a 'sun/nio/fs/UnixException'{0x0000000091984a78}> (0x0000000091984a78) 
thrown [src/hotspot/share/prims/jni.cpp, line 537]
Event: 68.333 Thread 0x0000794d28037190 Exception <a 'sun/nio/fs/UnixException'{0x00000000919859d0}> (0x00000000919859d0) 
thrown [src/hotspot/share/prims/jni.cpp, line 537]
Event: 68.522 Thread 0x0000794d1400aee0 Exception <a 'java/lang/NoSuchMethodError'{0x0000000091621120}: static Lcom/android/build/gradle/internal/tasks/MergeNativeLibsTask$InputFile;.<clinit>()V> (0x0000000091621120) 
thrown [src/hotspot/share/prims/jni.cpp, line 1144]

ZGC Phase Switch (0 events):
No events

VM Operations (20 events):
Event: 68.006 Executing VM operation: ICBufferFull
Event: 68.006 Executing VM operation: ICBufferFull done
Event: 68.041 Executing VM operation: G1CollectForAllocation (G1 Evacuation Pause)
Event: 68.049 Executing VM operation: G1CollectForAllocation (G1 Evacuation Pause) done
Event: 68.302 Executing VM operation: HandshakeAllThreads (Deoptimize)
Event: 68.302 Executing VM operation: HandshakeAllThreads (Deoptimize) done
Event: 68.303 Executing VM operation: HandshakeAllThreads (Deoptimize)
Event: 68.304 Executing VM operation: HandshakeAllThreads (Deoptimize) done
Event: 68.307 Executing VM operation: HandshakeAllThreads (Deoptimize)
Event: 68.308 Executing VM operation: HandshakeAllThreads (Deoptimize) done
Event: 68.309 Executing VM operation: HandshakeAllThreads (Deoptimize)
Event: 68.309 Executing VM operation: HandshakeAllThreads (Deoptimize) done
Event: 68.310 Executing VM operation: HandshakeAllThreads (Deoptimize)
Event: 68.310 Executing VM operation: HandshakeAllThreads (Deoptimize) done
Event: 68.523 Executing VM operation: ICBufferFull
Event: 68.523 Executing VM operation: ICBufferFull done
Event: 68.721 Executing VM operation: G1TryInitiateConcMark (G1 Humongous Allocation)
Event: 68.728 Executing VM operation: G1TryInitiateConcMark (G1 Humongous Allocation) done
Event: 68.797 Executing VM operation: G1PauseRemark
Event: 68.808 Executing VM operation: G1PauseRemark done

Memory protections (20 events):
Event: 68.214 Protecting memory [0x0000794cd8500000,0x0000794cd8504000] with protection modes 0
Event: 68.215 Protecting memory [0x0000794cd8400000,0x0000794cd8404000] with protection modes 0
Event: 68.215 Protecting memory [0x0000794cd8300000,0x0000794cd8304000] with protection modes 0
Event: 68.215 Protecting memory [0x0000794cd8200000,0x0000794cd8204000] with protection modes 0
Event: 68.215 Protecting memory [0x0000794cd8100000,0x0000794cd8104000] with protection modes 0
Event: 68.216 Protecting memory [0x0000794cd8000000,0x0000794cd8004000] with protection modes 0
Event: 68.216 Protecting memory [0x0000794c4ff00000,0x0000794c4ff04000] with protection modes 0
Event: 68.216 Protecting memory [0x0000794c4fe00000,0x0000794c4fe04000] with protection modes 0
Event: 68.216 Protecting memory [0x0000794c4fd00000,0x0000794c4fd04000] with protection modes 0
Event: 68.217 Protecting memory [0x0000794c4fc00000,0x0000794c4fc04000] with protection modes 0
Event: 68.217 Protecting memory [0x0000794c4fb00000,0x0000794c4fb04000] with protection modes 0
Event: 68.321 Protecting memory [0x0000794c4fa00000,0x0000794c4fa04000] with protection modes 0
Event: 68.321 Protecting memory [0x0000794c4f900000,0x0000794c4f904000] with protection modes 0
Event: 68.523 Protecting memory [0x0000794c4f700000,0x0000794c4f704000] with protection modes 0
Event: 68.608 Protecting memory [0x0000794c4f600000,0x0000794c4f604000] with protection modes 0
Event: 68.617 Protecting memory [0x0000794c4f500000,0x0000794c4f504000] with protection modes 0
Event: 68.617 Protecting memory [0x0000794c4f200000,0x0000794c4f204000] with protection modes 0
Event: 68.617 Protecting memory [0x0000794c4f100000,0x0000794c4f104000] with protection modes 0
Event: 68.618 Protecting memory [0x0000794c4ef00000,0x0000794c4ef04000] with protection modes 0
Event: 68.618 Protecting memory [0x0000794c4ee00000,0x0000794c4ee04000] with protection modes 0

Nmethod flushes (20 events):
Event: 68.807 Thread 0x0000794de81c47c0 flushing  nmethod 0x0000794dd79f4410
Event: 68.807 Thread 0x0000794de81c47c0 flushing  nmethod 0x0000794dd7a2e810
Event: 68.807 Thread 0x0000794de81c47c0 flushing  nmethod 0x0000794dd7a30390
Event: 68.807 Thread 0x0000794de81c47c0 flushing  nmethod 0x0000794dd7a33210
Event: 68.807 Thread 0x0000794de81c47c0 flushing  nmethod 0x0000794dd7a33590
Event: 68.807 Thread 0x0000794de81c47c0 flushing  nmethod 0x0000794dd7a33910
Event: 68.807 Thread 0x0000794de81c47c0 flushing  nmethod 0x0000794dd7a33d90
Event: 68.807 Thread 0x0000794de81c47c0 flushing  nmethod 0x0000794dd7a91d90
Event: 68.807 Thread 0x0000794de81c47c0 flushing  nmethod 0x0000794dd7a92490
Event: 68.807 Thread 0x0000794de81c47c0 flushing  nmethod 0x0000794dd7a92790
Event: 68.807 Thread 0x0000794de81c47c0 flushing  nmethod 0x0000794dd7a92b90
Event: 68.807 Thread 0x0000794de81c47c0 flushing  nmethod 0x0000794dd7a92e90
Event: 68.807 Thread 0x0000794de81c47c0 flushing  nmethod 0x0000794dd7a95490
Event: 68.807 Thread 0x0000794de81c47c0 flushing  nmethod 0x0000794dd7a95c10
Event: 68.807 Thread 0x0000794de81c47c0 flushing  nmethod 0x0000794dd7a95f90
Event: 68.807 Thread 0x0000794de81c47c0 flushing  nmethod 0x0000794dd7a96290
Event: 68.807 Thread 0x0000794de81c47c0 flushing  nmethod 0x0000794dd7b14b90
Event: 68.807 Thread 0x0000794de81c47c0 flushing  nmethod 0x0000794dd7b17010
Event: 68.807 Thread 0x0000794de81c47c0 flushing  nmethod 0x0000794dd7b17510
Event: 68.807 Thread 0x0000794de81c47c0 flushing  nmethod 0x0000794dd7bb8510

Events (20 events):
Event: 68.215 Thread 0x0000794d1400aee0 Thread added: 0x0000794d28021690
Event: 68.215 Thread 0x0000794d1400aee0 Thread added: 0x0000794d28022890
Event: 68.215 Thread 0x0000794d1400aee0 Thread added: 0x0000794d28023aa0
Event: 68.216 Thread 0x0000794d1400aee0 Thread added: 0x0000794d28024cb0
Event: 68.216 Thread 0x0000794d1400aee0 Thread added: 0x0000794d28025d40
Event: 68.216 Thread 0x0000794d1400aee0 Thread added: 0x0000794d28026b50
Event: 68.216 Thread 0x0000794d1400aee0 Thread added: 0x0000794d28027d60
Event: 68.217 Thread 0x0000794d1400aee0 Thread added: 0x0000794d28028f70
Event: 68.217 Thread 0x0000794d1400aee0 Thread added: 0x0000794d2802a170
Event: 68.320 Thread 0x0000794d1400aee0 Thread added: 0x0000794d28037190
Event: 68.321 Thread 0x0000794d1400aee0 Thread added: 0x0000794d28037ed0
Event: 68.523 Thread 0x0000794d1400aee0 Thread added: 0x0000794d2803be40
Event: 68.608 Thread 0x0000794d1400aee0 Thread added: 0x0000794d28042680
Event: 68.617 Thread 0x0000794d28037190 Thread added: 0x0000794c7c0c87a0
Event: 68.617 Thread 0x0000794d28037190 Thread added: 0x0000794c7c185c90
Event: 68.617 Thread 0x0000794d28037190 Thread added: 0x0000794c7c0ca9c0
Event: 68.618 Thread 0x0000794d28037190 Thread added: 0x0000794c7c0bf850
Event: 68.618 Thread 0x0000794d28037190 Thread added: 0x0000794c7c0d6690
Event: 68.823 Thread 0x0000794d55ce6400 Thread exited: 0x0000794d55ce6400
Event: 68.823 Thread 0x0000794d56502220 Thread exited: 0x0000794d56502220


Dynamic libraries:
80000000-97600000 rw-p 00000000 00:00 0 
97600000-ff500000 ---p 00000000 00:00 0 
ff500000-100040000 rw-p 00000000 00:00 0 
100040000-1000c0000 rw-p 00000000 00:00 0 
1000c0000-100140000 rw-p 00000000 00:00 0 
100140000-100180000 rw-p 00000000 00:00 0 
100180000-1001e0000 rw-p 00000000 00:00 0 
1001e0000-100240000 rw-p 00000000 00:00 0 
100240000-100280000 rw-p 00000000 00:00 0 
100280000-1005c0000 rw-p 00000000 00:00 0 
1005c0000-100640000 rw-p 00000000 00:00 0 
100640000-100680000 rw-p 00000000 00:00 0 
100680000-100c00000 rw-p 00000000 00:00 0 
100c00000-100fc0000 rw-p 00000000 00:00 0 
100fc0000-101000000 rw-p 00000000 00:00 0 
101000000-101200000 rw-p 00000000 00:00 0 
101200000-101680000 rw-p 00000000 00:00 0 
101680000-140000000 ---p 00000000 00:00 0 
57f238d50000-57f238d51000 r--p 00000000 08:02 3681484                    /home/etienne/Downloads/android-studio-2025.1.3 (2).7-linux/android-studio/jbr/bin/java
57f238d51000-57f238d52000 r-xp 00000000 08:02 3681484                    /home/etienne/Downloads/android-studio-2025.1.3 (2).7-linux/android-studio/jbr/bin/java
57f238d52000-57f238d54000 r--p 00000000 08:02 3681484                    /home/etienne/Downloads/android-studio-2025.1.3 (2).7-linux/android-studio/jbr/bin/java
57f238d54000-57f238d55000 rw-p 00001000 08:02 3681484                    /home/etienne/Downloads/android-studio-2025.1.3 (2).7-linux/android-studio/jbr/bin/java
57f261b6d000-57f261bb3000 rw-p 00000000 00:00 0                          [heap]
794c3d800000-794c3d804000 ---p 00000000 00:00 0 
794c3d804000-794c3d900000 rw-p 00000000 00:00 0 
794c3d900000-794c3d904000 ---p 00000000 00:00 0 
794c3d904000-794c3da00000 rw-p 00000000 00:00 0 
794c3da00000-794c3da04000 ---p 00000000 00:00 0 
794c3da04000-794c3db00000 rw-p 00000000 00:00 0 
794c3db00000-794c3db04000 ---p 00000000 00:00 0 
794c3db04000-794c3dc00000 rw-p 00000000 00:00 0 
794c3dc00000-794c3dc04000 ---p 00000000 00:00 0 
794c3dc04000-794c3dd00000 rw-p 00000000 00:00 0 
794c3dd00000-794c3dd04000 ---p 00000000 00:00 0 
794c3dd04000-794c3de00000 rw-p 00000000 00:00 0 
794c3de00000-794c3de04000 ---p 00000000 00:00 0 
794c3de04000-794c3df00000 rw-p 00000000 00:00 0 
794c3df00000-794c3df04000 ---p 00000000 00:00 0 
794c3df04000-794c3e000000 rw-p 00000000 00:00 0 
794c3e000000-794c3e380000 rw-p 00000000 00:00 0 
794c3e380000-794c3e400000 rw-p 00000000 00:00 0 
794c3e400000-794c3e640000 rw-p 00000000 00:00 0 
794c3e640000-794c3e700000 ---p 00000000 00:00 0 
794c3e700000-794c3e710000 rw-p 00000000 00:00 0 
794c3e710000-794c42000000 ---p 00000000 00:00 0 
794c42000000-794c42004000 ---p 00000000 00:00 0 
794c42004000-794c42100000 rw-p 00000000 00:00 0 
794c42100000-794c42104000 ---p 00000000 00:00 0 
794c42104000-794c42200000 rw-p 00000000 00:00 0 
794c42363000-794c42b00000 rw-p 00000000 00:00 0 
794c42b00000-794c42b04000 ---p 00000000 00:00 0 
794c42b04000-794c42c00000 rw-p 00000000 00:00 0 
794c42c00000-794c42c04000 ---p 00000000 00:00 0 
794c42c04000-794c42d00000 rw-p 00000000 00:00 0 
794c42d00000-794c42d04000 ---p 00000000 00:00 0 
794c42d04000-794c42e00000 rw-p 00000000 00:00 0 
794c42e00000-794c42e04000 ---p 00000000 00:00 0 
794c42e04000-794c42f00000 rw-p 00000000 00:00 0 
794c42f00000-794c42f04000 ---p 00000000 00:00 0 
794c42f04000-794c43000000 rw-p 00000000 00:00 0 
794c43000000-794c43004000 ---p 00000000 00:00 0 
794c43004000-794c43100000 rw-p 00000000 00:00 0 
794c43800000-794c43804000 ---p 00000000 00:00 0 
794c43804000-794c43900000 rw-p 00000000 00:00 0 
794c44000000-794c44540000 rw-p 00000000 00:00 0 
794c44540000-794c44580000 rw-p 00000000 00:00 0 
794c44580000-794c44900000 rw-p 00000000 00:00 0 
794c44900000-794c44a00000 rw-p 00000000 00:00 0 
794c44a00000-794c44d00000 rw-p 00000000 00:00 0 
794c44d00000-794c44e00000 rw-p 00000000 00:00 0 
794c44e00000-794c45f00000 rw-p 00000000 00:00 0 
794c45f00000-794c46000000 rw-p 00000000 00:00 0 
794c46000000-794c46600000 rw-p 00000000 00:00 0 
794c46600000-794c46700000 rw-p 00000000 00:00 0 
794c46700000-794c46800000 rw-p 00000000 00:00 0 
794c46800000-794c47100000 rw-p 00000000 00:00 0 
794c47100000-794c47200000 rw-p 00000000 00:00 0 
794c47200000-794c48000000 rw-p 00000000 00:00 0 
794c48000000-794c48040000 rw-p 00000000 00:00 0 
794c48040000-794c4c000000 ---p 00000000 00:00 0 
794c4c123000-794c4c127000 ---p 00000000 00:00 0 
794c4c127000-794c4c223000 rw-p 00000000 00:00 0 
794c4c323000-794c4c327000 ---p 00000000 00:00 0 
794c4c327000-794c4c423000 rw-p 00000000 00:00 0 
794c4c423000-794c4c427000 ---p 00000000 00:00 0 
794c4c427000-794c4c523000 rw-p 00000000 00:00 0 
794c4ca23000-794c4ca27000 ---p 00000000 00:00 0 
794c4ca27000-794c4cb23000 rw-p 00000000 00:00 0 
794c4cb23000-794c4cb27000 ---p 00000000 00:00 0 
794c4cb27000-794c4cc23000 rw-p 00000000 00:00 0 
794c4cd23000-794c4cd27000 ---p 00000000 00:00 0 
794c4cd27000-794c4ce23000 rw-p 00000000 00:00 0 
794c4ce23000-794c4ce27000 ---p 00000000 00:00 0 
794c4ce27000-794c4cf23000 rw-p 00000000 00:00 0 
794c4cf23000-794c4cf27000 ---p 00000000 00:00 0 
794c4cf27000-794c4d023000 rw-p 00000000 00:00 0 
794c4d223000-794c4d227000 ---p 00000000 00:00 0 
794c4d227000-794c4d323000 rw-p 00000000 00:00 0 
794c4d823000-794c4d827000 ---p 00000000 00:00 0 
794c4d827000-794c4d923000 rw-p 00000000 00:00 0 
794c4d923000-794c4d927000 ---p 00000000 00:00 0 
794c4d927000-794c4da23000 rw-p 00000000 00:00 0 
794c4db23000-794c4db27000 ---p 00000000 00:00 0 
794c4db27000-794c4dc23000 rw-p 00000000 00:00 0 
794c4de23000-794c4de27000 ---p 00000000 00:00 0 
794c4de27000-794c4df23000 rw-p 00000000 00:00 0 
794c4e523000-794c4e527000 ---p 00000000 00:00 0 
794c4e527000-794c4e623000 rw-p 00000000 00:00 0 
794c4eb23000-794c4eb27000 ---p 00000000 00:00 0 
794c4eb27000-794c4ec23000 rw-p 00000000 00:00 0 
794c4ee00000-794c4ee04000 ---p 00000000 00:00 0 
794c4ee04000-794c4ef00000 rw-p 00000000 00:00 0 
794c4ef00000-794c4ef04000 ---p 00000000 00:00 0 
794c4ef04000-794c4f000000 rw-p 00000000 00:00 0 
794c4f000000-794c4f004000 ---p 00000000 00:00 0 
794c4f004000-794c4f100000 rw-p 00000000 00:00 0 
794c4f100000-794c4f104000 ---p 00000000 00:00 0 
794c4f104000-794c4f200000 rw-p 00000000 00:00 0 
794c4f200000-794c4f204000 ---p 00000000 00:00 0 
794c4f204000-794c4f300000 rw-p 00000000 00:00 0 
794c4f300000-794c4f304000 ---p 00000000 00:00 0 
794c4f304000-794c4f400000 rw-p 00000000 00:00 0 
794c4f400000-794c4f404000 ---p 00000000 00:00 0 
794c4f404000-794c4f500000 rw-p 00000000 00:00 0 
794c4f500000-794c4f504000 ---p 00000000 00:00 0 
794c4f504000-794c4f600000 rw-p 00000000 00:00 0 
794c4f600000-794c4f604000 ---p 00000000 00:00 0 
794c4f604000-794c4f700000 rw-p 00000000 00:00 0 
794c4f700000-794c4f704000 ---p 00000000 00:00 0 
794c4f704000-794c4f800000 rw-p 00000000 00:00 0 
794c4f800000-794c4f804000 ---p 00000000 00:00 0 
794c4f804000-794c4f900000 rw-p 00000000 00:00 0 
794c4f900000-794c4f904000 ---p 00000000 00:00 0 
794c4f904000-794c4fa00000 rw-p 00000000 00:00 0 
794c4fa00000-794c4fa04000 ---p 00000000 00:00 0 
794c4fa04000-794c4fb00000 rw-p 00000000 00:00 0 
794c4fb00000-794c4fb04000 ---p 00000000 00:00 0 
794c4fb04000-794c4fc00000 rw-p 00000000 00:00 0 
794c4fc00000-794c4fc04000 ---p 00000000 00:00 0 
794c4fc04000-794c4fd00000 rw-p 00000000 00:00 0 
794c4fd00000-794c4fd04000 ---p 00000000 00:00 0 
794c4fd04000-794c4fe00000 rw-p 00000000 00:00 0 
794c4fe00000-794c4fe04000 ---p 00000000 00:00 0 
794c4fe04000-794c4ff00000 rw-p 00000000 00:00 0 
794c4ff00000-794c4ff04000 ---p 00000000 00:00 0 
794c4ff04000-794c50000000 rw-p 00000000 00:00 0 
794c50000000-794c5116d000 rw-p 00000000 00:00 0 
794c5116d000-794c54000000 ---p 00000000 00:00 0 
794c54000000-794c5403e000 rw-p 00000000 00:00 0 
794c5403e000-794c58000000 ---p 00000000 00:00 0 
794c58000000-794c580b2000 rw-p 00000000 00:00 0 
794c580b2000-794c5c000000 ---p 00000000 00:00 0 
794c5c000000-794c5c043000 rw-p 00000000 00:00 0 
794c5c043000-794c60000000 ---p 00000000 00:00 0 
794c60000000-794c60034000 rw-p 00000000 00:00 0 
794c60034000-794c64000000 ---p 00000000 00:00 0 
794c64000000-794c64024000 rw-p 00000000 00:00 0 
794c64024000-794c68000000 ---p 00000000 00:00 0 
794c68000000-794c68028000 rw-p 00000000 00:00 0 
794c68028000-794c6c000000 ---p 00000000 00:00 0 
794c6c000000-794c6c026000 rw-p 00000000 00:00 0 
794c6c026000-794c70000000 ---p 00000000 00:00 0 
794c70000000-794c70030000 rw-p 00000000 00:00 0 
794c70030000-794c74000000 ---p 00000000 00:00 0 
794c74000000-794c74103000 rw-p 00000000 00:00 0 
794c74103000-794c78000000 ---p 00000000 00:00 0 
794c78000000-794c78024000 rw-p 00000000 00:00 0 
794c78024000-794c7c000000 ---p 00000000 00:00 0 
794c7c000000-794c7c322000 rw-p 00000000 00:00 0 
794c7c322000-794c80000000 ---p 00000000 00:00 0 
794c80000000-794c8006d000 rw-p 00000000 00:00 0 
794c8006d000-794c84000000 ---p 00000000 00:00 0 
794c84000000-794c8402e000 rw-p 00000000 00:00 0 
794c8402e000-794c88000000 ---p 00000000 00:00 0 
794c88000000-794c88207000 rw-p 00000000 00:00 0 
794c88207000-794c8c000000 ---p 00000000 00:00 0 
794c8c000000-794c8c03b000 rw-p 00000000 00:00 0 
794c8c03b000-794c90000000 ---p 00000000 00:00 0 
794c90000000-794c90191000 rw-p 00000000 00:00 0 
794c90191000-794c94000000 ---p 00000000 00:00 0 
794c94000000-794c94071000 rw-p 00000000 00:00 0 
794c94071000-794c98000000 ---p 00000000 00:00 0 
794c98000000-794c98177000 rw-p 00000000 00:00 0 
794c98177000-794c9c000000 ---p 00000000 00:00 0 
794c9c000000-794c9c045000 rw-p 00000000 00:00 0 
794c9c045000-794ca0000000 ---p 00000000 00:00 0 
794ca0000000-794ca00f3000 rw-p 00000000 00:00 0 
794ca00f3000-794ca4000000 ---p 00000000 00:00 0 
794ca4000000-794ca413b000 rw-p 00000000 00:00 0 
794ca413b000-794ca8000000 ---p 00000000 00:00 0 
794ca8000000-794ca80d3000 rw-p 00000000 00:00 0 
794ca80d3000-794cac000000 ---p 00000000 00:00 0 
794cac000000-794cac08a000 rw-p 00000000 00:00 0 
794cac08a000-794cb0000000 ---p 00000000 00:00 0 
794cb0000000-794cb008c000 rw-p 00000000 00:00 0 
794cb008c000-794cb4000000 ---p 00000000 00:00 0 
794cb4000000-794cb40b7000 rw-p 00000000 00:00 0 
794cb40b7000-794cb8000000 ---p 00000000 00:00 0 
794cb8000000-794cb8156000 rw-p 00000000 00:00 0 
794cb8156000-794cbc000000 ---p 00000000 00:00 0 
794cbc000000-794cbc1d4000 rw-p 00000000 00:00 0 
794cbc1d4000-794cc0000000 ---p 00000000 00:00 0 
794cc0000000-794cc0117000 rw-p 00000000 00:00 0 
794cc0117000-794cc4000000 ---p 00000000 00:00 0 
794cc4000000-794cc4110000 rw-p 00000000 00:00 0 
794cc4110000-794cc8000000 ---p 00000000 00:00 0 
794cc8000000-794cc8114000 rw-p 00000000 00:00 0 
794cc8114000-794ccc000000 ---p 00000000 00:00 0 
794ccc000000-794ccc11d000 rw-p 00000000 00:00 0 
794ccc11d000-794cd0000000 ---p 00000000 00:00 0 
794cd0000000-794cd010f000 rw-p 00000000 00:00 0 
794cd010f000-794cd4000000 ---p 00000000 00:00 0 
794cd4000000-794cd410e000 rw-p 00000000 00:00 0 
794cd410e000-794cd8004000 ---p 00000000 00:00 0 
794cd8004000-794cd8100000 rw-p 00000000 00:00 0 
794cd8100000-794cd8104000 ---p 00000000 00:00 0 
794cd8104000-794cd8200000 rw-p 00000000 00:00 0 
794cd8200000-794cd8204000 ---p 00000000 00:00 0 
794cd8204000-794cd8300000 rw-p 00000000 00:00 0 
794cd8300000-794cd8304000 ---p 00000000 00:00 0 
794cd8304000-794cd8400000 rw-p 00000000 00:00 0 
794cd8400000-794cd8404000 ---p 00000000 00:00 0 
794cd8404000-794cd8500000 rw-p 00000000 00:00 0 
794cd8500000-794cd8504000 ---p 00000000 00:00 0 
794cd8504000-794cd8600000 rw-p 00000000 00:00 0 
794cd8600000-794cd8604000 ---p 00000000 00:00 0 
794cd8604000-794cd8700000 rw-p 00000000 00:00 0 
794cd8700000-794cd8704000 ---p 00000000 00:00 0 
794cd8704000-794cd8800000 rw-p 00000000 00:00 0 
794cd8800000-794cd8804000 ---p 00000000 00:00 0 
794cd8804000-794cd8900000 rw-p 00000000 00:00 0 
794cd8900000-794cd8904000 ---p 00000000 00:00 0 
794cd8904000-794cd8a00000 rw-p 00000000 00:00 0 
794cd8a00000-794cd8a04000 ---p 00000000 00:00 0 
794cd8a04000-794cd8b00000 rw-p 00000000 00:00 0 
794cd8b00000-794cd8b04000 ---p 00000000 00:00 0 
794cd8b04000-794cd8c00000 rw-p 00000000 00:00 0 
794cd8c00000-794cd8c04000 ---p 00000000 00:00 0 
794cd8c04000-794cd8d00000 rw-p 00000000 00:00 0 
794cd8d00000-794cd8d04000 ---p 00000000 00:00 0 
794cd8d04000-794cd8e00000 rw-p 00000000 00:00 0 
794cd8e00000-794cd8e04000 ---p 00000000 00:00 0 
794cd8e04000-794cd8f00000 rw-p 00000000 00:00 0 
794cd8f00000-794cd8f04000 ---p 00000000 00:00 0 
794cd8f04000-794cd9000000 rw-p 00000000 00:00 0 
794cd9000000-794cd9004000 ---p 00000000 00:00 0 
794cd9004000-794cd9100000 rw-p 00000000 00:00 0 
794cd9100000-794cd9104000 ---p 00000000 00:00 0 
794cd9104000-794cd9200000 rw-p 00000000 00:00 0 
794cd9200000-794cd9204000 ---p 00000000 00:00 0 
794cd9204000-794cd9300000 rw-p 00000000 00:00 0 
794cd9300000-794cd9304000 ---p 00000000 00:00 0 
794cd9304000-794cd9400000 rw-p 00000000 00:00 0 
794cd9400000-794cd9404000 ---p 00000000 00:00 0 
794cd9404000-794cd9500000 rw-p 00000000 00:00 0 
794cd9500000-794cd9504000 ---p 00000000 00:00 0 
794cd9504000-794cd9600000 rw-p 00000000 00:00 0 
794cd9600000-794cd9604000 ---p 00000000 00:00 0 
794cd9604000-794cd9700000 rw-p 00000000 00:00 0 
794cd9700000-794cd9704000 ---p 00000000 00:00 0 
794cd9704000-794cd9800000 rw-p 00000000 00:00 0 
794cd9800000-794cd9804000 ---p 00000000 00:00 0 
794cd9804000-794cd9900000 rw-p 00000000 00:00 0 
794cd9900000-794cd9904000 ---p 00000000 00:00 0 
794cd9904000-794cd9a00000 rw-p 00000000 00:00 0 
794cd9a00000-794cd9a04000 ---p 00000000 00:00 0 
794cd9a04000-794cd9b00000 rw-p 00000000 00:00 0 
794cd9b00000-794cd9b04000 ---p 00000000 00:00 0 
794cd9b04000-794cd9c00000 rw-p 00000000 00:00 0 
794cd9c00000-794cd9c04000 ---p 00000000 00:00 0 
794cd9c04000-794cd9d00000 rw-p 00000000 00:00 0 
794cd9d00000-794cd9d04000 ---p 00000000 00:00 0 
794cd9d04000-794cd9e00000 rw-p 00000000 00:00 0 
794cd9e00000-794cd9e04000 ---p 00000000 00:00 0 
794cd9e04000-794cd9f00000 rw-p 00000000 00:00 0 
794cd9f00000-794cd9f04000 ---p 00000000 00:00 0 
794cd9f04000-794cda000000 rw-p 00000000 00:00 0 
794cda000000-794cda004000 ---p 00000000 00:00 0 
794cda004000-794cda100000 rw-p 00000000 00:00 0 
794cda100000-794cda104000 ---p 00000000 00:00 0 
794cda104000-794cda200000 rw-p 00000000 00:00 0 
794cda200000-794cda204000 ---p 00000000 00:00 0 
794cda204000-794cda300000 rw-p 00000000 00:00 0 
794cda300000-794cda304000 ---p 00000000 00:00 0 
794cda304000-794cda400000 rw-p 00000000 00:00 0 
794cda400000-794cda404000 ---p 00000000 00:00 0 
794cda404000-794cda500000 rw-p 00000000 00:00 0 
794cda500000-794cda504000 ---p 00000000 00:00 0 
794cda504000-794cda600000 rw-p 00000000 00:00 0 
794cda600000-794cda604000 ---p 00000000 00:00 0 
794cda604000-794cda700000 rw-p 00000000 00:00 0 
794cda700000-794cda704000 ---p 00000000 00:00 0 
794cda704000-794cda800000 rw-p 00000000 00:00 0 
794cda800000-794cda804000 ---p 00000000 00:00 0 
794cda804000-794cda900000 rw-p 00000000 00:00 0 
794cda900000-794cda904000 ---p 00000000 00:00 0 
794cda904000-794cdaa00000 rw-p 00000000 00:00 0 
794cdaa00000-794cdaa04000 ---p 00000000 00:00 0 
794cdaa04000-794cdab00000 rw-p 00000000 00:00 0 
794cdab00000-794cdab04000 ---p 00000000 00:00 0 
794cdab04000-794cdac00000 rw-p 00000000 00:00 0 
794cdac00000-794cdac04000 ---p 00000000 00:00 0 
794cdac04000-794cdad00000 rw-p 00000000 00:00 0 
794cdad00000-794cdad04000 ---p 00000000 00:00 0 
794cdad04000-794cdae00000 rw-p 00000000 00:00 0 
794cdae00000-794cdae04000 ---p 00000000 00:00 0 
794cdae04000-794cdaf00000 rw-p 00000000 00:00 0 
794cdaf00000-794cdaf04000 ---p 00000000 00:00 0 
794cdaf04000-794cdb000000 rw-p 00000000 00:00 0 
794cdb000000-794cdb004000 ---p 00000000 00:00 0 
794cdb004000-794cdb100000 rw-p 00000000 00:00 0 
794cdb100000-794cdb104000 ---p 00000000 00:00 0 
794cdb104000-794cdb200000 rw-p 00000000 00:00 0 
794cdb200000-794cdb204000 ---p 00000000 00:00 0 
794cdb204000-794cdb300000 rw-p 00000000 00:00 0 
794cdb300000-794cdb304000 ---p 00000000 00:00 0 
794cdb304000-794cdb400000 rw-p 00000000 00:00 0 
794cdb400000-794cdb404000 ---p 00000000 00:00 0 
794cdb404000-794cdb500000 rw-p 00000000 00:00 0 
794cdb500000-794cdb504000 ---p 00000000 00:00 0 
794cdb504000-794cdb600000 rw-p 00000000 00:00 0 
794cdb600000-794cdb604000 ---p 00000000 00:00 0 
794cdb604000-794cdb700000 rw-p 00000000 00:00 0 
794cdb700000-794cdb704000 ---p 00000000 00:00 0 
794cdb704000-794cdb800000 rw-p 00000000 00:00 0 
794cdb800000-794cdb804000 ---p 00000000 00:00 0 
794cdb804000-794cdb900000 rw-p 00000000 00:00 0 
794cdb900000-794cdb904000 ---p 00000000 00:00 0 
794cdb904000-794cdba00000 rw-p 00000000 00:00 0 
794cdba00000-794cdba04000 ---p 00000000 00:00 0 
794cdba04000-794cdbb00000 rw-p 00000000 00:00 0 
794cdbb00000-794cdbb04000 ---p 00000000 00:00 0 
794cdbb04000-794cdbc00000 rw-p 00000000 00:00 0 
794cdbc00000-794cdbc04000 ---p 00000000 00:00 0 
794cdbc04000-794cdbd00000 rw-p 00000000 00:00 0 
794cdbd00000-794cdbd04000 ---p 00000000 00:00 0 
794cdbd04000-794cdbe00000 rw-p 00000000 00:00 0 
794cdbe00000-794cdbe04000 ---p 00000000 00:00 0 
794cdbe04000-794cdbf00000 rw-p 00000000 00:00 0 
794cdbf00000-794cdbf04000 ---p 00000000 00:00 0 
794cdbf04000-794cdc000000 rw-p 00000000 00:00 0 
794cdc000000-794cdc114000 rw-p 00000000 00:00 0 
794cdc114000-794ce0000000 ---p 00000000 00:00 0 
794ce0000000-794ce010d000 rw-p 00000000 00:00 0 
794ce010d000-794ce4000000 ---p 00000000 00:00 0 
794ce4000000-794ce44a5000 rw-p 00000000 00:00 0 
794ce44a5000-794ce8000000 ---p 00000000 00:00 0 
794ce8000000-794ce8118000 rw-p 00000000 00:00 0 
794ce8118000-794cec000000 ---p 00000000 00:00 0 
794cec000000-794cec027000 rw-p 00000000 00:00 0 
794cec027000-794cf0000000 ---p 00000000 00:00 0 
794cf0000000-794cf0021000 rw-p 00000000 00:00 0 
794cf0021000-794cf4000000 ---p 00000000 00:00 0 
794cf4000000-794cf4025000 rw-p 00000000 00:00 0 
794cf4025000-794cf8000000 ---p 00000000 00:00 0 
794cf8000000-794cf802b000 rw-p 00000000 00:00 0 
794cf802b000-794cfc000000 ---p 00000000 00:00 0 
794cfc000000-794cfc021000 rw-p 00000000 00:00 0 
794cfc021000-794d00000000 ---p 00000000 00:00 0 
794d00000000-794d00021000 rw-p 00000000 00:00 0 
794d00021000-794d04000000 ---p 00000000 00:00 0 
794d04000000-794d04021000 rw-p 00000000 00:00 0 
794d04021000-794d08000000 ---p 00000000 00:00 0 
794d08000000-794d08239000 rw-p 00000000 00:00 0 
794d08239000-794d0c000000 ---p 00000000 00:00 0 
794d0c000000-794d0c021000 rw-p 00000000 00:00 0 
794d0c021000-794d10000000 ---p 00000000 00:00 0 
794d10000000-794d10021000 rw-p 00000000 00:00 0 
794d10021000-794d14000000 ---p 00000000 00:00 0 
794d14000000-794d14021000 rw-p 00000000 00:00 0 
794d14021000-794d18000000 ---p 00000000 00:00 0 
794d18000000-794d180d9000 rw-p 00000000 00:00 0 
794d180d9000-794d1c000000 ---p 00000000 00:00 0 
794d1c000000-794d1c021000 rw-p 00000000 00:00 0 
794d1c021000-794d20000000 ---p 00000000 00:00 0 
794d20000000-794d20021000 rw-p 00000000 00:00 0 
794d20021000-794d24000000 ---p 00000000 00:00 0 
794d24000000-794d24028000 rw-p 00000000 00:00 0 
794d24028000-794d28000000 ---p 00000000 00:00 0 
794d28000000-794d28060000 rw-p 00000000 00:00 0 
794d28060000-794d2c000000 ---p 00000000 00:00 0 
794d2c000000-794d2c02e000 rw-p 00000000 00:00 0 
794d2c02e000-794d30000000 ---p 00000000 00:00 0 
794d30000000-794d30021000 rw-p 00000000 00:00 0 
794d30021000-794d34000000 ---p 00000000 00:00 0 
794d34000000-794d34072000 rw-p 00000000 00:00 0 
794d34072000-794d38000000 ---p 00000000 00:00 0 
794d38000000-794d38062000 rw-p 00000000 00:00 0 
794d38062000-794d3c000000 ---p 00000000 00:00 0 
794d3c000000-794d3c02a000 rw-p 00000000 00:00 0 
794d3c02a000-794d40000000 ---p 00000000 00:00 0 
794d40000000-794d40029000 rw-p 00000000 00:00 0 
794d40029000-794d44000000 ---p 00000000 00:00 0 
794d44000000-794d44021000 rw-p 00000000 00:00 0 
794d44021000-794d48000000 ---p 00000000 00:00 0 
794d48000000-794d48024000 rw-p 00000000 00:00 0 
794d48024000-794d4c000000 ---p 00000000 00:00 0 
794d4c000000-794d4c021000 rw-p 00000000 00:00 0 
794d4c021000-794d50000000 ---p 00000000 00:00 0 
794d50000000-794d50040000 rw-p 00000000 00:00 0 
794d50040000-794d54000000 ---p 00000000 00:00 0 
794d54000000-794d573e1000 rw-p 00000000 00:00 0 
794d573e1000-794d58000000 ---p 00000000 00:00 0 
794d58000000-794d58021000 rw-p 00000000 00:00 0 
794d58021000-794d5c000000 ---p 00000000 00:00 0 
794d5c000000-794d5c059000 rw-p 00000000 00:00 0 
794d5c059000-794d60000000 ---p 00000000 00:00 0 
794d60000000-794d60021000 rw-p 00000000 00:00 0 
794d60021000-794d64000000 ---p 00000000 00:00 0 
794d64000000-794d64021000 rw-p 00000000 00:00 0 
794d64021000-794d68000000 ---p 00000000 00:00 0 
794d68000000-794d68021000 rw-p 00000000 00:00 0 
794d68021000-794d6c000000 ---p 00000000 00:00 0 
794d6c000000-794d6c021000 rw-p 00000000 00:00 0 
794d6c021000-794d70000000 ---p 00000000 00:00 0 
794d70000000-794d70053000 rw-p 00000000 00:00 0 
794d70053000-794d74000000 ---p 00000000 00:00 0 
794d74000000-794d74025000 rw-p 00000000 00:00 0 
794d74025000-794d78000000 ---p 00000000 00:00 0 
794d78000000-794d78021000 rw-p 00000000 00:00 0 
794d78021000-794d7c000000 ---p 00000000 00:00 0 
794d7c000000-794d7c029000 rw-p 00000000 00:00 0 
794d7c029000-794d80000000 ---p 00000000 00:00 0 
794d80000000-794d8002a000 rw-p 00000000 00:00 0 
794d8002a000-794d84000000 ---p 00000000 00:00 0 
794d84000000-794d84021000 rw-p 00000000 00:00 0 
794d84021000-794d88000000 ---p 00000000 00:00 0 
794d88000000-794d8802a000 rw-p 00000000 00:00 0 
794d8802a000-794d8c000000 ---p 00000000 00:00 0 
794d8c000000-794d8de6d000 rw-p 00000000 00:00 0 
794d8de6d000-794d90000000 ---p 00000000 00:00 0 
794d90000000-794d90a2c000 rw-p 00000000 00:00 0 
794d90a2c000-794d94000000 ---p 00000000 00:00 0 
794d94000000-794d945ec000 rw-p 00000000 00:00 0 
794d945ec000-794d98000000 ---p 00000000 00:00 0 
794d98000000-794d98021000 rw-p 00000000 00:00 0 
794d98021000-794d9c000000 ---p 00000000 00:00 0 
794d9c000000-794d9c027000 rw-p 00000000 00:00 0 
794d9c027000-794da0000000 ---p 00000000 00:00 0 
794da0000000-794da0021000 rw-p 00000000 00:00 0 
794da0021000-794da4000000 ---p 00000000 00:00 0 
794da4000000-794da402d000 rw-p 00000000 00:00 0 
794da402d000-794da8000000 ---p 00000000 00:00 0 
794da8000000-794da8024000 rw-p 00000000 00:00 0 
794da8024000-794dac000000 ---p 00000000 00:00 0 
794dac000000-794dac087000 rw-p 00000000 00:00 0 
794dac087000-794db0000000 ---p 00000000 00:00 0 
794db0000000-794db0500000 rw-p 00000000 00:00 0 
794db0500000-794db0520000 rw-p 00000000 00:00 0 
794db0520000-794db0540000 rw-p 00000000 00:00 0 
794db0540000-794db0580000 rw-p 00000000 00:00 0 
794db0580000-794db0680000 rw-p 00000000 00:00 0 
794db0680000-794db0700000 rw-p 00000000 00:00 0 
794db0700000-794db0900000 rw-p 00000000 00:00 0 
794db0900000-794db0a00000 rw-p 00000000 00:00 0 
794db0a00000-794db0b00000 rw-p 00000000 00:00 0 
794db0b00000-794db0c00000 rw-p 00000000 00:00 0 
794db0c00000-794db0cc0000 rw-p 00000000 00:00 0 
794db0cc0000-794db0d00000 rw-p 00000000 00:00 0 
794db0d00000-794db0f00000 rw-p 00000000 00:00 0 
794db0f00000-794db0fc0000 rw-p 00000000 00:00 0 
794db0fc0000-794db1100000 rw-p 00000000 00:00 0 
794db1100000-794db1580000 rw-p 00000000 00:00 0 
794db1580000-794db1600000 rw-p 00000000 00:00 0 
794db1600000-794db1be0000 rw-p 00000000 00:00 0 
794db1be0000-794db1c00000 rw-p 00000000 00:00 0 
794db1c00000-794db1f00000 rw-p 00000000 00:00 0 
794db1f00000-794db2000000 rw-p 00000000 00:00 0 
794db2000000-794db2300000 rw-p 00000000 00:00 0 
794db2300000-794db2500000 rw-p 00000000 00:00 0 
794db2500000-794db2600000 rw-p 00000000 00:00 0 
794db2600000-794db35c0000 rw-p 00000000 00:00 0 
794db35c0000-794db3600000 rw-p 00000000 00:00 0 
794db3600000-794db3b00000 rw-p 00000000 00:00 0 
794db3b00000-794db3c00000 rw-p 00000000 00:00 0 
794db3c00000-794db4000000 rw-p 00000000 00:00 0 
794db4000000-794db4021000 rw-p 00000000 00:00 0 
794db4021000-794db8000000 ---p 00000000 00:00 0 
794db8008000-794db800c000 ---p 00000000 00:00 0 
794db800c000-794db8108000 rw-p 00000000 00:00 0 
794db8108000-794db810c000 ---p 00000000 00:00 0 
794db810c000-794db8208000 rw-p 00000000 00:00 0 
794db8208000-794db820c000 ---p 00000000 00:00 0 
794db820c000-794db8308000 rw-p 00000000 00:00 0 
794db8308000-794db830c000 ---p 00000000 00:00 0 
794db830c000-794db8408000 rw-p 00000000 00:00 0 
794db8408000-794db840c000 ---p 00000000 00:00 0 
794db840c000-794db8508000 rw-p 00000000 00:00 0 
794db8508000-794db850c000 ---p 00000000 00:00 0 
794db850c000-794db8608000 rw-p 00000000 00:00 0 
794db8608000-794db860c000 ---p 00000000 00:00 0 
794db860c000-794db8708000 rw-p 00000000 00:00 0 
794db8708000-794db870c000 ---p 00000000 00:00 0 
794db870c000-794db8808000 rw-p 00000000 00:00 0 
794db88fa000-794db88fe000 ---p 00000000 00:00 0 
794db88fe000-794db89fa000 rw-p 00000000 00:00 0 
794db89fa000-794db89fe000 ---p 00000000 00:00 0 
794db89fe000-794db8afa000 rw-p 00000000 00:00 0 
794db8afa000-794db8afe000 ---p 00000000 00:00 0 
794db8afe000-794db8bfa000 rw-p 00000000 00:00 0 
794db8bfa000-794db8bfe000 ---p 00000000 00:00 0 
794db8bfe000-794db8cfa000 rw-p 00000000 00:00 0 
794db8cfa000-794db8cfe000 ---p 00000000 00:00 0 
794db8cfe000-794db8dfa000 rw-p 00000000 00:00 0 
794db8dfa000-794db8dfe000 ---p 00000000 00:00 0 
794db8dfe000-794db8efa000 rw-p 00000000 00:00 0 
794db8efa000-794db8efe000 ---p 00000000 00:00 0 
794db8efe000-794db8ffa000 rw-p 00000000 00:00 0 
794db8ffa000-794db8ffe000 ---p 00000000 00:00 0 
794db8ffe000-794db90fa000 rw-p 00000000 00:00 0 
794db90fa000-794db90fe000 ---p 00000000 00:00 0 
794db90fe000-794db91fa000 rw-p 00000000 00:00 0 
794db91fa000-794db91fe000 ---p 00000000 00:00 0 
794db91fe000-794db92fa000 rw-p 00000000 00:00 0 
794db92fa000-794db92fe000 ---p 00000000 00:00 0 
794db92fe000-794db93fa000 rw-p 00000000 00:00 0 
794db93fa000-794db93fe000 ---p 00000000 00:00 0 
794db93fe000-794db94fa000 rw-p 00000000 00:00 0 
794db94fa000-794db94fe000 ---p 00000000 00:00 0 
794db94fe000-794db95fa000 rw-p 00000000 00:00 0 
794db95fa000-794db95fe000 ---p 00000000 00:00 0 
794db95fe000-794db96fa000 rw-p 00000000 00:00 0 
794db96fa000-794db96fe000 ---p 00000000 00:00 0 
794db96fe000-794db97fa000 rw-p 00000000 00:00 0 
794db97fa000-794db97fb000 ---p 00000000 00:00 0 
794db97fb000-794db98fb000 rw-p 00000000 00:00 0 
794db98fb000-794db98fc000 ---p 00000000 00:00 0 
794db98fc000-794db99fc000 rw-p 00000000 00:00 0 
794db99fc000-794db99fd000 ---p 00000000 00:00 0 
794db99fd000-794db9afd000 rw-p 00000000 00:00 0 
794db9afd000-794db9afe000 ---p 00000000 00:00 0 
794db9afe000-794db9bfe000 rw-p 00000000 00:00 0 
794db9bfe000-794db9bff000 ---p 00000000 00:00 0 
794db9bff000-794db9cff000 rw-p 00000000 00:00 0 
794db9cff000-794db9d00000 ---p 00000000 00:00 0 
794db9d00000-794db9e00000 rw-p 00000000 00:00 0 
794db9e00000-794db9e04000 ---p 00000000 00:00 0 
794db9e04000-794db9f00000 rw-p 00000000 00:00 0 
794db9f00000-794db9f04000 ---p 00000000 00:00 0 
794db9f04000-794dba000000 rw-p 00000000 00:00 0 
794dba000000-794dba004000 ---p 00000000 00:00 0 
794dba004000-794dba100000 rw-p 00000000 00:00 0 
794dba100000-794dba104000 ---p 00000000 00:00 0 
794dba104000-794dba200000 rw-p 00000000 00:00 0 
794dba200000-794dba204000 ---p 00000000 00:00 0 
794dba204000-794dba300000 rw-p 00000000 00:00 0 
794dba300000-794dba304000 ---p 00000000 00:00 0 
794dba304000-794dba400000 rw-p 00000000 00:00 0 
794dba400000-794dba404000 ---p 00000000 00:00 0 
794dba404000-794dba500000 rw-p 00000000 00:00 0 
794dba500000-794dba504000 ---p 00000000 00:00 0 
794dba504000-794dba600000 rw-p 00000000 00:00 0 
794dba600000-794dba604000 ---p 00000000 00:00 0 
794dba604000-794dba700000 rw-p 00000000 00:00 0 
794dba700000-794dba704000 ---p 00000000 00:00 0 
794dba704000-794dba800000 rw-p 00000000 00:00 0 
794dba800000-794dba805000 r-xp 00000000 08:02 3300931                    /home/etienne/.gradle/native/1def1411415f61bf3af743bc5b6707747c0891f09f0c88961ee8f79bc544acac/linux-amd64/libnative-platform.so
794dba805000-794dbaa05000 ---p 00005000 08:02 3300931                    /home/etienne/.gradle/native/1def1411415f61bf3af743bc5b6707747c0891f09f0c88961ee8f79bc544acac/linux-amd64/libnative-platform.so
794dbaa05000-794dbaa06000 r--p 00005000 08:02 3300931                    /home/etienne/.gradle/native/1def1411415f61bf3af743bc5b6707747c0891f09f0c88961ee8f79bc544acac/linux-amd64/libnative-platform.so
794dbaa06000-794dbaa07000 rw-p 00006000 08:02 3300931                    /home/etienne/.gradle/native/1def1411415f61bf3af743bc5b6707747c0891f09f0c88961ee8f79bc544acac/linux-amd64/libnative-platform.so
794dbaafb000-794dbaafc000 ---p 00000000 00:00 0 
794dbaafc000-794dbabfc000 rw-p 00000000 00:00 0 
794dbabfc000-794dbabfd000 ---p 00000000 00:00 0 
794dbabfd000-794dbacfd000 rw-p 00000000 00:00 0 
794dbacfd000-794dbacfe000 ---p 00000000 00:00 0 
794dbacfe000-794dbadfe000 rw-p 00000000 00:00 0 
794dbadfe000-794dbadff000 ---p 00000000 00:00 0 
794dbadff000-794dbaeff000 rw-p 00000000 00:00 0 
794dbaeff000-794dbaf00000 ---p 00000000 00:00 0 
794dbaf00000-794dbb000000 rw-p 00000000 00:00 0 
794dbb000000-794dbb004000 ---p 00000000 00:00 0 
794dbb004000-794dbb100000 rw-p 00000000 00:00 0 
794dbb100000-794dbb104000 ---p 00000000 00:00 0 
794dbb104000-794dbb200000 rw-p 00000000 00:00 0 
794dbb200000-794dbb204000 ---p 00000000 00:00 0 
794dbb204000-794dbb300000 rw-p 00000000 00:00 0 
794dbb300000-794dbb304000 ---p 00000000 00:00 0 
794dbb304000-794dbb400000 rw-p 00000000 00:00 0 
794dbb400000-794dbb404000 ---p 00000000 00:00 0 
794dbb404000-794dbb500000 rw-p 00000000 00:00 0 
794dbb500000-794dbb504000 ---p 00000000 00:00 0 
794dbb504000-794dbb600000 rw-p 00000000 00:00 0 
794dbb600000-794dbb604000 ---p 00000000 00:00 0 
794dbb604000-794dbb700000 rw-p 00000000 00:00 0 
794dbb700000-794dbb704000 ---p 00000000 00:00 0 
794dbb704000-794dbb800000 rw-p 00000000 00:00 0 
794dbb800000-794dbbd75000 r--p 00000000 08:02 9961552                    /usr/lib/locale/locale-archive
794dbbdff000-794dbbe03000 ---p 00000000 00:00 0 
794dbbe03000-794dbbeff000 rw-p 00000000 00:00 0 
794dbbeff000-794dbbf00000 ---p 00000000 00:00 0 
794dbbf00000-794dbc000000 rw-p 00000000 00:00 0 
794dbc000000-794dbc023000 rw-p 00000000 00:00 0 
794dbc023000-794dc0000000 ---p 00000000 00:00 0 
794dc0000000-794dc0021000 rw-p 00000000 00:00 0 
794dc0021000-794dc4000000 ---p 00000000 00:00 0 
794dc4000000-794dc4021000 rw-p 00000000 00:00 0 
794dc4021000-794dc8000000 ---p 00000000 00:00 0 
794dc8000000-794dc8078000 rw-p 00000000 00:00 0 
794dc8078000-794dcc000000 ---p 00000000 00:00 0 
794dcc000000-794dcc02b000 rw-p 00000000 00:00 0 
794dcc02b000-794dd0000000 ---p 00000000 00:00 0 
794dd00da000-794dd00db000 ---p 00000000 00:00 0 
794dd00db000-794dd01db000 rw-p 00000000 00:00 0 
794dd02f5000-794dd02f6000 ---p 00000000 00:00 0 
794dd02f6000-794dd03f6000 rw-p 00000000 00:00 0 
794dd03f6000-794dd03f7000 ---p 00000000 00:00 0 
794dd03f7000-794dd04f7000 rw-p 00000000 00:00 0 
794dd04f7000-794dd2e00000 rw-p 00000000 00:00 0 
794dd2e6c000-794dd2ea8000 r--p 00000000 08:02 3300946                    /home/etienne/.gradle/native/0.2.7/x86_64-linux-gnu/libgradle-fileevents.so
794dd2ea8000-794dd2ef0000 r-xp 0003b000 08:02 3300946                    /home/etienne/.gradle/native/0.2.7/x86_64-linux-gnu/libgradle-fileevents.so
794dd2ef0000-794dd2ef9000 r--p 00082000 08:02 3300946                    /home/etienne/.gradle/native/0.2.7/x86_64-linux-gnu/libgradle-fileevents.so
794dd2ef9000-794dd2efa000 rw-p 0008a000 08:02 3300946                    /home/etienne/.gradle/native/0.2.7/x86_64-linux-gnu/libgradle-fileevents.so
794dd2efa000-794dd2ffe000 rw-p 00000000 00:00 0 
794dd2ffe000-794dd2fff000 ---p 00000000 00:00 0 
794dd2fff000-794dd30ff000 rw-p 00000000 00:00 0 
794dd30ff000-794dd3100000 ---p 00000000 00:00 0 
794dd3100000-794dd3200000 rw-p 00000000 00:00 0 
794dd3200000-794dd37d8000 rw-p 00000000 00:00 0 
794dd37d8000-794dd51d4000 ---p 00000000 00:00 0 
794dd51d4000-794dd52bb000 rw-p 00000000 00:00 0 
794dd52bb000-794dd55fa000 ---p 00000000 00:00 0 
794dd55fa000-794dd56bb000 rw-p 00000000 00:00 0 
794dd56bb000-794dd59fa000 ---p 00000000 00:00 0 
794dd59fa000-794dd5a00000 rw-p 00000000 00:00 0 
794dd5a7c000-794dd5afd000 rw-p 00000000 00:00 0 
794dd5afd000-794dd5afe000 ---p 00000000 00:00 0 
794dd5afe000-794dd5bfe000 rw-p 00000000 00:00 0 
794dd5bfe000-794dd5e00000 rw-p 00000000 00:00 0 
794dd5e00000-794dd7fc0000 rwxp 00000000 00:00 0 
794dd7fc0000-794ddd337000 ---p 00000000 00:00 0 
794ddd337000-794ddd647000 rwxp 00000000 00:00 0 
794ddd647000-794ddd8c9000 ---p 00000000 00:00 0 
794ddd8c9000-794dde209000 rwxp 00000000 00:00 0 
794dde209000-794de4e00000 ---p 00000000 00:00 0 
794de4e00000-794de7f6b000 r--s 00000000 08:02 3681795                    /home/etienne/Downloads/android-studio-2025.1.3 (2).7-linux/android-studio/jbr/lib/modules
794de7f83000-794de7f87000 ---p 00000000 00:00 0 
794de7f87000-794de7fa5000 rw-p 00000000 00:00 0 
794de7fa5000-794de9614000 rw-p 00000000 00:00 0 
794de9614000-794dec004000 ---p 00000000 00:00 0 
794dec004000-794dec022000 rw-p 00000000 00:00 0 
794dec022000-794dec83d000 rw-p 00000000 00:00 0 
794dec83d000-794dec915000 ---p 00000000 00:00 0 
794dec915000-794dec959000 rw-p 00000000 00:00 0 
794dec959000-794deca00000 ---p 00000000 00:00 0 
794deca00000-794decf58000 r--p 00000000 08:02 3681909                    /home/etienne/Downloads/android-studio-2025.1.3 (2).7-linux/android-studio/jbr/lib/server/libjvm.so
794decf58000-794dedade000 r-xp 00557000 08:02 3681909                    /home/etienne/Downloads/android-studio-2025.1.3 (2).7-linux/android-studio/jbr/lib/server/libjvm.so
794dedade000-794dedbab000 r--p 010dc000 08:02 3681909                    /home/etienne/Downloads/android-studio-2025.1.3 (2).7-linux/android-studio/jbr/lib/server/libjvm.so
794dedbab000-794dedbce000 rw-p 011a8000 08:02 3681909                    /home/etienne/Downloads/android-studio-2025.1.3 (2).7-linux/android-studio/jbr/lib/server/libjvm.so
794dedbce000-794dedc45000 rw-p 00000000 00:00 0 
794dedc48000-794dedc4f000 r--s 00000000 08:02 9983779                    /usr/lib/x86_64-linux-gnu/gconv/gconv-modules.cache
794dedc4f000-794dedc51000 r--p 00000000 08:02 3681863                    /home/etienne/Downloads/android-studio-2025.1.3 (2).7-linux/android-studio/jbr/lib/libextnet.so
794dedc51000-794dedc52000 r-xp 00001000 08:02 3681863                    /home/etienne/Downloads/android-studio-2025.1.3 (2).7-linux/android-studio/jbr/lib/libextnet.so
794dedc52000-794dedc53000 r--p 00001000 08:02 3681863                    /home/etienne/Downloads/android-studio-2025.1.3 (2).7-linux/android-studio/jbr/lib/libextnet.so
794dedc53000-794dedc54000 rw-p 00001000 08:02 3681863                    /home/etienne/Downloads/android-studio-2025.1.3 (2).7-linux/android-studio/jbr/lib/libextnet.so
794dedc54000-794dedc57000 r--p 00000000 08:02 3681899                    /home/etienne/Downloads/android-studio-2025.1.3 (2).7-linux/android-studio/jbr/lib/libmanagement_ext.so
794dedc57000-794dedc5a000 r-xp 00002000 08:02 3681899                    /home/etienne/Downloads/android-studio-2025.1.3 (2).7-linux/android-studio/jbr/lib/libmanagement_ext.so
794dedc5a000-794dedc5b000 r--p 00004000 08:02 3681899                    /home/etienne/Downloads/android-studio-2025.1.3 (2).7-linux/android-studio/jbr/lib/libmanagement_ext.so
794dedc5b000-794dedc5c000 rw-p 00004000 08:02 3681899                    /home/etienne/Downloads/android-studio-2025.1.3 (2).7-linux/android-studio/jbr/lib/libmanagement_ext.so
794dedc5c000-794dedc62000 r--p 00000000 08:02 3681906                    /home/etienne/Downloads/android-studio-2025.1.3 (2).7-linux/android-studio/jbr/lib/libverify.so
794dedc62000-794dedc6a000 r-xp 00005000 08:02 3681906                    /home/etienne/Downloads/android-studio-2025.1.3 (2).7-linux/android-studio/jbr/lib/libverify.so
794dedc6a000-794dedc6c000 r--p 0000c000 08:02 3681906                    /home/etienne/Downloads/android-studio-2025.1.3 (2).7-linux/android-studio/jbr/lib/libverify.so
794dedc6c000-794dedc6d000 rw-p 0000d000 08:02 3681906                    /home/etienne/Downloads/android-studio-2025.1.3 (2).7-linux/android-studio/jbr/lib/libverify.so
794dedc6d000-794dedc71000 r--p 00000000 08:02 3681865                    /home/etienne/Downloads/android-studio-2025.1.3 (2).7-linux/android-studio/jbr/lib/libnet.so
794dedc71000-794dedc79000 r-xp 00003000 08:02 3681865                    /home/etienne/Downloads/android-studio-2025.1.3 (2).7-linux/android-studio/jbr/lib/libnet.so
794dedc79000-794dedc7a000 r--p 0000a000 08:02 3681865                    /home/etienne/Downloads/android-studio-2025.1.3 (2).7-linux/android-studio/jbr/lib/libnet.so
794dedc7a000-794dedc7b000 rw-p 0000a000 08:02 3681865                    /home/etienne/Downloads/android-studio-2025.1.3 (2).7-linux/android-studio/jbr/lib/libnet.so
794dedc7b000-794dedd00000 rw-p 00000000 00:00 0 
794dedd00000-794dedd04000 ---p 00000000 00:00 0 
794dedd04000-794dede00000 rw-p 00000000 00:00 0 
794dede00000-794dede28000 r--p 00000000 08:02 9983801                    /usr/lib/x86_64-linux-gnu/libc.so.6
794dede28000-794dedfb0000 r-xp 00028000 08:02 9983801                    /usr/lib/x86_64-linux-gnu/libc.so.6
794dedfb0000-794dedfff000 r--p 001b0000 08:02 9983801                    /usr/lib/x86_64-linux-gnu/libc.so.6
794dedfff000-794dee003000 r--p 001fe000 08:02 9983801                    /usr/lib/x86_64-linux-gnu/libc.so.6
794dee003000-794dee005000 rw-p 00202000 08:02 9983801                    /usr/lib/x86_64-linux-gnu/libc.so.6
794dee005000-794dee012000 rw-p 00000000 00:00 0 
794dee013000-794dee016000 r--p 00000000 08:02 3681922                    /home/etienne/Downloads/android-studio-2025.1.3 (2).7-linux/android-studio/jbr/lib/libmanagement.so
794dee016000-794dee018000 r-xp 00002000 08:02 3681922                    /home/etienne/Downloads/android-studio-2025.1.3 (2).7-linux/android-studio/jbr/lib/libmanagement.so
794dee018000-794dee019000 r--p 00003000 08:02 3681922                    /home/etienne/Downloads/android-studio-2025.1.3 (2).7-linux/android-studio/jbr/lib/libmanagement.so
794dee019000-794dee01a000 rw-p 00003000 08:02 3681922                    /home/etienne/Downloads/android-studio-2025.1.3 (2).7-linux/android-studio/jbr/lib/libmanagement.so
794dee01a000-794dee025000 r--p 00000000 08:02 3681800                    /home/etienne/Downloads/android-studio-2025.1.3 (2).7-linux/android-studio/jbr/lib/libnio.so
794dee025000-794dee02e000 r-xp 0000a000 08:02 3681800                    /home/etienne/Downloads/android-studio-2025.1.3 (2).7-linux/android-studio/jbr/lib/libnio.so
794dee02e000-794dee02f000 r--p 00012000 08:02 3681800                    /home/etienne/Downloads/android-studio-2025.1.3 (2).7-linux/android-studio/jbr/lib/libnio.so
794dee02f000-794dee030000 rw-p 00012000 08:02 3681800                    /home/etienne/Downloads/android-studio-2025.1.3 (2).7-linux/android-studio/jbr/lib/libnio.so
794dee030000-794dee039000 r--p 00000000 08:02 3681893                    /home/etienne/Downloads/android-studio-2025.1.3 (2).7-linux/android-studio/jbr/lib/libzip.so
794dee039000-794dee04e000 r-xp 00008000 08:02 3681893                    /home/etienne/Downloads/android-studio-2025.1.3 (2).7-linux/android-studio/jbr/lib/libzip.so
794dee04e000-794dee04f000 r--p 0001c000 08:02 3681893                    /home/etienne/Downloads/android-studio-2025.1.3 (2).7-linux/android-studio/jbr/lib/libzip.so
794dee04f000-794dee050000 rw-p 0001c000 08:02 3681893                    /home/etienne/Downloads/android-studio-2025.1.3 (2).7-linux/android-studio/jbr/lib/libzip.so
794dee091000-794dee098000 rw-p 00000000 00:00 0 
794dee098000-794dee09d000 ---p 00000000 00:00 0 
794dee09d000-794dee0a5000 rw-s 00000000 08:02 8388663                    /tmp/hsperfdata_etienne/18420
794dee0a5000-794dee0b7000 r--p 00000000 08:02 3681911                    /home/etienne/Downloads/android-studio-2025.1.3 (2).7-linux/android-studio/jbr/lib/libjava.so
794dee0b7000-794dee0c5000 r-xp 00011000 08:02 3681911                    /home/etienne/Downloads/android-studio-2025.1.3 (2).7-linux/android-studio/jbr/lib/libjava.so
794dee0c5000-794dee0c7000 r--p 0001e000 08:02 3681911                    /home/etienne/Downloads/android-studio-2025.1.3 (2).7-linux/android-studio/jbr/lib/libjava.so
794dee0c7000-794dee0c9000 rw-p 0001f000 08:02 3681911                    /home/etienne/Downloads/android-studio-2025.1.3 (2).7-linux/android-studio/jbr/lib/libjava.so
794dee0c9000-794dee0d4000 r--p 00000000 08:02 3681902                    /home/etienne/Downloads/android-studio-2025.1.3 (2).7-linux/android-studio/jbr/lib/libjimage.so
794dee0d4000-794dee0e8000 r-xp 0000a000 08:02 3681902                    /home/etienne/Downloads/android-studio-2025.1.3 (2).7-linux/android-studio/jbr/lib/libjimage.so
794dee0e8000-794dee0ea000 r--p 0001d000 08:02 3681902                    /home/etienne/Downloads/android-studio-2025.1.3 (2).7-linux/android-studio/jbr/lib/libjimage.so
794dee0ea000-794dee0eb000 rw-p 0001e000 08:02 3681902                    /home/etienne/Downloads/android-studio-2025.1.3 (2).7-linux/android-studio/jbr/lib/libjimage.so
794dee0eb000-794dee0ec000 rw-p 00000000 00:00 0 
794dee0ec000-794dee0ed000 r--p 00000000 08:02 9983829                    /usr/lib/x86_64-linux-gnu/librt.so.1
794dee0ed000-794dee0ee000 r-xp 00001000 08:02 9983829                    /usr/lib/x86_64-linux-gnu/librt.so.1
794dee0ee000-794dee0ef000 r--p 00002000 08:02 9983829                    /usr/lib/x86_64-linux-gnu/librt.so.1
794dee0ef000-794dee0f0000 r--p 00002000 08:02 9983829                    /usr/lib/x86_64-linux-gnu/librt.so.1
794dee0f0000-794dee0f1000 rw-p 00003000 08:02 9983829                    /usr/lib/x86_64-linux-gnu/librt.so.1
794dee0f1000-794dee101000 r--p 00000000 08:02 9983807                    /usr/lib/x86_64-linux-gnu/libm.so.6
794dee101000-794dee180000 r-xp 00010000 08:02 9983807                    /usr/lib/x86_64-linux-gnu/libm.so.6
794dee180000-794dee1d8000 r--p 0008f000 08:02 9983807                    /usr/lib/x86_64-linux-gnu/libm.so.6
794dee1d8000-794dee1d9000 r--p 000e7000 08:02 9983807                    /usr/lib/x86_64-linux-gnu/libm.so.6
794dee1d9000-794dee1da000 rw-p 000e8000 08:02 9983807                    /usr/lib/x86_64-linux-gnu/libm.so.6
794dee1da000-794dee1dc000 rw-p 00000000 00:00 0 
794dee1dc000-794dee1dd000 r--p 00000000 08:02 9983805                    /usr/lib/x86_64-linux-gnu/libdl.so.2
794dee1dd000-794dee1de000 r-xp 00001000 08:02 9983805                    /usr/lib/x86_64-linux-gnu/libdl.so.2
794dee1de000-794dee1df000 r--p 00002000 08:02 9983805                    /usr/lib/x86_64-linux-gnu/libdl.so.2
794dee1df000-794dee1e0000 r--p 00002000 08:02 9983805                    /usr/lib/x86_64-linux-gnu/libdl.so.2
794dee1e0000-794dee1e1000 rw-p 00003000 08:02 9983805                    /usr/lib/x86_64-linux-gnu/libdl.so.2
794dee1e1000-794dee1e2000 r--p 00000000 08:02 9983825                    /usr/lib/x86_64-linux-gnu/libpthread.so.0
794dee1e2000-794dee1e3000 r-xp 00001000 08:02 9983825                    /usr/lib/x86_64-linux-gnu/libpthread.so.0
794dee1e3000-794dee1e4000 r--p 00002000 08:02 9983825                    /usr/lib/x86_64-linux-gnu/libpthread.so.0
794dee1e4000-794dee1e5000 r--p 00002000 08:02 9983825                    /usr/lib/x86_64-linux-gnu/libpthread.so.0
794dee1e5000-794dee1e6000 rw-p 00003000 08:02 9983825                    /usr/lib/x86_64-linux-gnu/libpthread.so.0
794dee1e6000-794dee1e7000 r--p 00000000 08:02 3681859                    /home/etienne/Downloads/android-studio-2025.1.3 (2).7-linux/android-studio/jbr/lib/librmi.so
794dee1e7000-794dee1e8000 r-xp 00000000 08:02 3681859                    /home/etienne/Downloads/android-studio-2025.1.3 (2).7-linux/android-studio/jbr/lib/librmi.so
794dee1e8000-794dee1e9000 r--p 00000000 08:02 3681859                    /home/etienne/Downloads/android-studio-2025.1.3 (2).7-linux/android-studio/jbr/lib/librmi.so
794dee1e9000-794dee1ea000 rw-p 00000000 08:02 3681859                    /home/etienne/Downloads/android-studio-2025.1.3 (2).7-linux/android-studio/jbr/lib/librmi.so
794dee1ea000-794dee1ee000 r--p 00000000 08:02 3681869                    /home/etienne/Downloads/android-studio-2025.1.3 (2).7-linux/android-studio/jbr/lib/libinstrument.so
794dee1ee000-794dee1f5000 r-xp 00003000 08:02 3681869                    /home/etienne/Downloads/android-studio-2025.1.3 (2).7-linux/android-studio/jbr/lib/libinstrument.so
794dee1f5000-794dee1f6000 r--p 00009000 08:02 3681869                    /home/etienne/Downloads/android-studio-2025.1.3 (2).7-linux/android-studio/jbr/lib/libinstrument.so
794dee1f6000-794dee1f7000 rw-p 00009000 08:02 3681869                    /home/etienne/Downloads/android-studio-2025.1.3 (2).7-linux/android-studio/jbr/lib/libinstrument.so
794dee1f7000-794dee1f8000 ---p 00000000 00:00 0 
794dee1f8000-794dee1f9000 r--p 00000000 00:00 0 
794dee1f9000-794dee1fa000 ---p 00000000 00:00 0 
794dee1fa000-794dee203000 r--p 00000000 08:02 3681901                    /home/etienne/Downloads/android-studio-2025.1.3 (2).7-linux/android-studio/jbr/lib/libjli.so
794dee203000-794dee212000 r-xp 00008000 08:02 3681901                    /home/etienne/Downloads/android-studio-2025.1.3 (2).7-linux/android-studio/jbr/lib/libjli.so
794dee212000-794dee213000 r--p 00016000 08:02 3681901                    /home/etienne/Downloads/android-studio-2025.1.3 (2).7-linux/android-studio/jbr/lib/libjli.so
794dee213000-794dee214000 rw-p 00016000 08:02 3681901                    /home/etienne/Downloads/android-studio-2025.1.3 (2).7-linux/android-studio/jbr/lib/libjli.so
794dee214000-794dee216000 rw-p 00000000 00:00 0 
794dee216000-794dee218000 r--p 00000000 00:00 0                          [vvar]
794dee218000-794dee21a000 r--p 00000000 00:00 0                          [vvar_vclock]
794dee21a000-794dee21c000 r-xp 00000000 00:00 0                          [vdso]
794dee21c000-794dee21d000 r--p 00000000 08:02 9983795                    /usr/lib/x86_64-linux-gnu/ld-linux-x86-64.so.2
794dee21d000-794dee248000 r-xp 00001000 08:02 9983795                    /usr/lib/x86_64-linux-gnu/ld-linux-x86-64.so.2
794dee248000-794dee252000 r--p 0002c000 08:02 9983795                    /usr/lib/x86_64-linux-gnu/ld-linux-x86-64.so.2
794dee252000-794dee254000 r--p 00036000 08:02 9983795                    /usr/lib/x86_64-linux-gnu/ld-linux-x86-64.so.2
794dee254000-794dee256000 rw-p 00038000 08:02 9983795                    /usr/lib/x86_64-linux-gnu/ld-linux-x86-64.so.2
7ffc536c0000-7ffc536e1000 rw-p 00000000 00:00 0                          [stack]
ffffffffff600000-ffffffffff601000 --xp 00000000 00:00 0                  [vsyscall]
Total number of mappings: 746


VM Arguments:
jvm_args: --add-opens=java.base/java.lang=ALL-UNNAMED --add-opens=java.base/java.lang.invoke=ALL-UNNAMED --add-opens=java.base/java.util=ALL-UNNAMED --add-opens=java.prefs/java.util.prefs=ALL-UNNAMED --add-exports=jdk.compiler/com.sun.tools.javac.api=ALL-UNNAMED --add-exports=jdk.compiler/com.sun.tools.javac.util=ALL-UNNAMED --add-opens=java.base/java.util=ALL-UNNAMED --add-opens=java.prefs/java.util.prefs=ALL-UNNAMED --add-opens=java.base/java.nio.charset=ALL-UNNAMED --add-opens=java.base/java.net=ALL-UNNAMED --add-opens=java.base/java.util.concurrent.atomic=ALL-UNNAMED --add-opens=java.xml/javax.xml.namespace=ALL-UNNAMED -Xmx2048m -Dfile.encoding=UTF-8 -Duser.country=US -Duser.language=en -Duser.variant -javaagent:/home/etienne/.gradle/wrapper/dists/gradle-8.13-bin/5xuhj0ry160q40clulazy9h7d/gradle-8.13/lib/agents/gradle-instrumentation-agent-8.13.jar -Dawt.toolkit.name=XToolkit 
java_command: org.gradle.launcher.daemon.bootstrap.GradleDaemon 8.13
java_class_path (initial): /home/etienne/.gradle/wrapper/dists/gradle-8.13-bin/5xuhj0ry160q40clulazy9h7d/gradle-8.13/lib/gradle-daemon-main-8.13.jar
Launcher Type: SUN_STANDARD

[Global flags]
     intx CICompilerCount                          = 4                                         {product} {ergonomic}
     uint ConcGCThreads                            = 3                                         {product} {ergonomic}
     uint G1ConcRefinementThreads                  = 10                                        {product} {ergonomic}
   size_t G1HeapRegionSize                         = 1048576                                   {product} {ergonomic}
    uintx GCDrainStackTargetSize                   = 64                                        {product} {ergonomic}
   size_t InitialHeapSize                          = 262144000                                 {product} {ergonomic}
   size_t MarkStackSize                            = 4194304                                   {product} {ergonomic}
   size_t MaxHeapSize                              = 2147483648                                {product} {command line}
   size_t MaxNewSize                               = 1287651328                                {product} {ergonomic}
   size_t MinHeapDeltaBytes                        = 1048576                                   {product} {ergonomic}
   size_t MinHeapSize                              = 8388608                                   {product} {ergonomic}
    uintx NonNMethodCodeHeapSize                   = 5839372                                {pd product} {ergonomic}
    uintx NonProfiledCodeHeapSize                  = 122909434                              {pd product} {ergonomic}
    uintx ProfiledCodeHeapSize                     = 122909434                              {pd product} {ergonomic}
    uintx ReservedCodeCacheSize                    = 251658240                              {pd product} {ergonomic}
     bool SegmentedCodeCache                       = true                                      {product} {ergonomic}
   size_t SoftMaxHeapSize                          = 2147483648                             {manageable} {ergonomic}
     bool UseCompressedOops                        = true                           {product lp64_product} {ergonomic}
     bool UseG1GC                                  = true                                      {product} {ergonomic}

Logging:
Log output configuration:
 #0: stdout all=warning uptime,level,tags foldmultilines=false
 #1: stderr all=off uptime,level,tags foldmultilines=false

Environment Variables:
PATH=/home/etienne/.cargo/bin:/usr/local/sbin:/usr/local/bin:/usr/sbin:/usr/bin:/sbin:/bin:/usr/games:/usr/local/games:/snap/bin:/snap/bin
USERNAME=etienne
SHELL=/bin/bash
DISPLAY=:0
LANG=en_US.UTF-8

Active Locale:
LC_ALL=en_US.UTF-8
LC_COLLATE=en_US.UTF-8
LC_CTYPE=en_US.UTF-8
LC_MESSAGES=en_US.UTF-8
LC_MONETARY=en_US.UTF-8
LC_NUMERIC=en_US.UTF-8
LC_TIME=en_US.UTF-8

Signal Handlers:
   SIGSEGV: crash_handler in libjvm.so, mask=11100100010111111101111111111110, flags=SA_RESTART|SA_SIGINFO, unblocked
    SIGBUS: crash_handler in libjvm.so, mask=11100100010111111101111111111110, flags=SA_RESTART|SA_SIGINFO, unblocked
    SIGFPE: crash_handler in libjvm.so, mask=11100100010111111101111111111110, flags=SA_RESTART|SA_SIGINFO, unblocked
   SIGPIPE: javaSignalHandler in libjvm.so, mask=11100100010111111101111111111110, flags=SA_RESTART|SA_SIGINFO, blocked
   SIGXFSZ: javaSignalHandler in libjvm.so, mask=11100100010111111101111111111110, flags=SA_RESTART|SA_SIGINFO, blocked
    SIGILL: crash_handler in libjvm.so, mask=11100100010111111101111111111110, flags=SA_RESTART|SA_SIGINFO, unblocked
   SIGUSR2: SR_handler in libjvm.so, mask=00000000000000000000000000000000, flags=SA_RESTART|SA_SIGINFO, blocked
    SIGHUP: UserHandler in libjvm.so, mask=11100100010111111101111111111110, flags=SA_RESTART|SA_SIGINFO, blocked
    SIGINT: UserHandler in libjvm.so, mask=11100100010111111101111111111110, flags=SA_RESTART|SA_SIGINFO, blocked
   SIGTERM: UserHandler in libjvm.so, mask=11100100010111111101111111111110, flags=SA_RESTART|SA_SIGINFO, blocked
   SIGQUIT: UserHandler in libjvm.so, mask=11100100010111111101111111111110, flags=SA_RESTART|SA_SIGINFO, blocked
   SIGTRAP: crash_handler in libjvm.so, mask=11100100010111111101111111111110, flags=SA_RESTART|SA_SIGINFO, unblocked


Periodic native trim disabled

JNI global refs:
JNI global refs: 33, weak refs: 8

JNI global refs memory usage: 859, weak refs: 857

Process memory usage:
Resident Set Size: 757652K (4% of 16302924K total physical memory with 3641168K free physical memory)

OOME stack traces (most recent first):
Classloader memory used:
Loader org.gradle.internal.classloader.VisitableURLClassLoader$InstrumentingVisitableURLClassLoader: 58157K
Loader org.gradle.internal.classloader.VisitableURLClassLoader                         : 48825K
Loader bootstrap                                                                       : 33226K
Loader org.gradle.initialization.MixInLegacyTypesClassLoader                           : 13410K
Loader java.net.URLClassLoader                                                         : 2703K
Loader jdk.internal.reflect.DelegatingClassLoader                                      : 755K
Loader jdk.internal.loader.ClassLoaders$PlatformClassLoader                            : 440K
Loader jdk.internal.loader.ClassLoaders$AppClassLoader                                 : 234K
Loader org.gradle.groovy.scripts.internal.DefaultScriptCompilationHandler$ScriptClassLoader: 133K
Loader org.gradle.internal.classloader.VisitableURLClassLoader                         : 120K
Loader org.codehaus.groovy.runtime.callsite.CallSiteClassLoader                        : 27528B
Loader sun.reflect.misc.MethodUtil                                                     : 2968B

Classes loaded by more than one classloader:
Class Program                                                                         : loaded 5 times (x 70B)
Class kotlin.NotImplementedError                                                      : loaded 2 times (x 80B)
Class kotlin.text.StringsKt__StringsKt                                                : loaded 2 times (x 69B)
Class com.google.common.base.Equivalence$Identity                                     : loaded 2 times (x 80B)
Class com.google.common.base.PairwiseEquivalence                                      : loaded 2 times (x 81B)
Class com.google.common.collect.RegularImmutableMap$KeySet                            : loaded 2 times (x 148B)
Class org.gradle.internal.classloader.FilteringClassLoader                            : loaded 2 times (x 103B)
Class kotlin.io.FilesKt__FileTreeWalkKt                                               : loaded 2 times (x 69B)
Class kotlin.sequences.FilteringSequence$iterator$1                                   : loaded 2 times (x 77B)
Class kotlin.sequences.SequencesKt__SequenceBuilderKt                                 : loaded 2 times (x 69B)
Class kotlin.collections.CollectionsKt__ReversedViewsKt                               : loaded 2 times (x 69B)
Class com.google.common.cache.LocalCache$ValueIterator                                : loaded 2 times (x 84B)
Class [Lcom.google.common.collect.MapMakerInternalMap$Segment;                        : loaded 2 times (x 67B)
Class com.google.common.io.FileWriteMode                                              : loaded 2 times (x 77B)
Class [Lcom.google.common.base.AbstractIterator$State;                                : loaded 2 times (x 67B)
Class com.google.common.base.CharMatcher$IsEither                                     : loaded 2 times (x 109B)
Class org.gradle.internal.classloader.ClassLoaderHierarchy                            : loaded 2 times (x 68B)
Class [Lcom.google.common.cache.RemovalCause;                                         : loaded 2 times (x 67B)
Class com.google.common.collect.AbstractMapBasedMultimap$WrappedCollection            : loaded 2 times (x 122B)
Class com.google.common.collect.ImmutableEnumSet                                      : loaded 2 times (x 144B)
Class com.google.common.util.concurrent.ExecutionError                                : loaded 2 times (x 80B)
Class com.google.common.collect.ImmutableList$1                                       : loaded 2 times (x 95B)
Class org.gradle.api.internal.classpath.ManifestUtil                                  : loaded 2 times (x 69B)
Class com.google.common.io.ByteArrayDataOutput                                        : loaded 2 times (x 68B)
Class com.google.common.collect.RegularImmutableMap                                   : loaded 2 times (x 119B)
Class com.google.common.collect.ImmutableMap$MapViewOfValuesAsSingletonSets           : loaded 2 times (x 123B)
Class com.google.common.reflect.TypeCapture                                           : loaded 2 times (x 69B)
Class com.google.common.cache.LocalCache$Values                                       : loaded 2 times (x 116B)
Class com.google.common.collect.TransformedListIterator                               : loaded 2 times (x 91B)
Class [Lorg.objectweb.asm.Symbol;                                                     : loaded 2 times (x 67B)
Class org.objectweb.asm.ClassVisitor                                                  : loaded 2 times (x 86B)
Class com.google.common.collect.UnmodifiableListIterator                              : loaded 2 times (x 93B)
Class org.jetbrains.kotlin.name.FqNameUnsafe$1                                        : loaded 2 times (x 72B)
Class com.google.common.collect.MapMakerInternalMap$StrongKeyDummyValueEntry$LinkedStrongKeyDummyValueEntry: loaded 2 times (x 80B)
Class com.google.common.collect.MapMakerInternalMap$Strength                          : loaded 2 times (x 78B)
Class com.google.common.base.Platform$JdkPatternCompiler                              : loaded 2 times (x 73B)
Class org.objectweb.asm.MethodTooLargeException                                       : loaded 2 times (x 81B)
Class [Lcom.google.common.cache.CacheBuilder$OneWeigher;                              : loaded 2 times (x 67B)
Class com.google.common.base.Suppliers                                                : loaded 2 times (x 69B)
Class org.gradle.internal.classloader.DefaultClassLoaderFactory                       : loaded 2 times (x 80B)
Class kotlin.sequences.SequencesKt___SequencesKt                                      : loaded 2 times (x 69B)
Class kotlin.collections.AbstractList$Companion                                       : loaded 2 times (x 69B)
Class com.google.common.io.ByteSource$ConcatenatedByteSource                          : loaded 2 times (x 83B)
Class [Lcom.google.common.collect.AbstractIterator$State;                             : loaded 2 times (x 67B)
Class com.google.common.base.CharMatcher$None                                         : loaded 2 times (x 110B)
Class org.gradle.internal.classloader.ClassLoaderVisitor                              : loaded 2 times (x 74B)
Class [Lcom.google.common.collect.ImmutableMapEntry;                                  : loaded 2 times (x 67B)
Class org.gradle.api.internal.classpath.EffectiveClassPath                            : loaded 2 times (x 88B)
Class kotlin.text.StringsKt__AppendableKt                                             : loaded 2 times (x 69B)
Class com.google.common.collect.AbstractIterator$1                                    : loaded 2 times (x 69B)
Class com.google.common.collect.ImmutableRangeSet                                     : loaded 2 times (x 113B)
Class com.google.common.collect.ImmutableEnumMap                                      : loaded 2 times (x 123B)
Class com.google.common.collect.ListMultimap                                          : loaded 2 times (x 68B)
Class ijJvmDebugger1_1nxz8iacv3bg692g0l3pkvalm$_run_closure1                          : loaded 2 times (x 137B)
Class com.google.common.collect.ImmutableSet$SerializedForm                           : loaded 2 times (x 71B)
Class com.google.common.collect.Iterators$EmptyModifiableIterator                     : loaded 2 times (x 84B)
Class com.google.common.collect.Sets$1                                                : loaded 2 times (x 137B)
Class org.objectweb.asm.AnnotationVisitor                                             : loaded 2 times (x 76B)
Class com.google.common.base.Splitter                                                 : loaded 2 times (x 70B)
Class org.gradle.api.internal.DefaultClassPathProvider                                : loaded 2 times (x 74B)
Class kotlin.sequences.Sequence                                                       : loaded 2 times (x 68B)
Class kotlin.text.StringsKt__StringNumberConversionsJVMKt                             : loaded 2 times (x 69B)
Class [Lcom.google.common.base.Function;                                              : loaded 2 times (x 67B)
Class com.google.common.collect.MapMakerInternalMap$Strength$1                        : loaded 2 times (x 78B)
Class com.google.common.collect.Maps$ViewCachingAbstractMap                           : loaded 2 times (x 123B)
Class com.google.common.collect.Sets$2                                                : loaded 2 times (x 137B)
Class [Lorg.gradle.api.internal.ClassPathProvider;                                    : loaded 2 times (x 67B)
Class org.gradle.api.internal.ClassPathProvider                                       : loaded 2 times (x 68B)
Class com.google.common.reflect.Types$ClassOwnership$1                                : loaded 2 times (x 78B)
Class com.google.common.collect.MapMakerInternalMap$Strength$2                        : loaded 2 times (x 78B)
Class [Lorg.objectweb.asm.AnnotationVisitor;                                          : loaded 2 times (x 67B)
Class com.google.common.collect.Sets$3                                                : loaded 2 times (x 137B)
Class com.google.common.util.concurrent.AbstractFuture$SafeAtomicHelper               : loaded 2 times (x 77B)
Class com.google.common.cache.LocalCache$LocalLoadingCache                            : loaded 2 times (x 132B)
Class com.google.common.base.AbstractIterator$State                                   : loaded 2 times (x 77B)
Class org.gradle.internal.service.UnknownServiceException                             : loaded 2 times (x 81B)
Class com.google.common.reflect.Types$ClassOwnership$2                                : loaded 2 times (x 78B)
Class com.google.common.reflect.TypeResolver                                          : loaded 2 times (x 70B)
Class com.google.common.io.ByteArrayDataInput                                         : loaded 2 times (x 68B)
Class com.google.common.collect.MapMakerInternalMap$StrongValueEntry                  : loaded 2 times (x 68B)
Class com.google.common.collect.Sets$4                                                : loaded 2 times (x 137B)
Class org.objectweb.asm.ModuleVisitor                                                 : loaded 2 times (x 79B)
Class com.google.common.cache.LocalCache$Strength$1                                   : loaded 2 times (x 79B)
Class com.google.common.reflect.Types$ClassOwnership$3                                : loaded 2 times (x 69B)
Class com.google.common.collect.Collections2$FilteredCollection                       : loaded 2 times (x 117B)
Class com.google.common.util.concurrent.SettableFuture                                : loaded 2 times (x 112B)
Class com.google.common.cache.LocalCache$Strength$2                                   : loaded 2 times (x 79B)
Class kotlin.collections.ArraysKt___ArraysJvmKt                                       : loaded 2 times (x 69B)
Class kotlin.collections.CollectionsKt__CollectionsKt                                 : loaded 2 times (x 69B)
Class kotlin.text.StringsKt__RegexExtensionsJVMKt                                     : loaded 2 times (x 69B)
Class [Lcom.google.common.collect.Maps$EntryFunction;                                 : loaded 2 times (x 67B)
Class com.google.common.io.ByteStreams                                                : loaded 2 times (x 69B)
Class com.google.common.collect.Interners$InternerImpl                                : loaded 2 times (x 73B)
Class com.google.common.collect.Interner                                              : loaded 2 times (x 68B)
Class com.google.common.collect.TransformedIterator                                   : loaded 2 times (x 78B)
Class com.google.common.cache.LocalCache$Strength$3                                   : loaded 2 times (x 79B)
Class com.google.common.collect.MapDifference                                         : loaded 2 times (x 68B)
Class com.google.common.base.Splitter$1                                               : loaded 2 times (x 75B)
Class kotlin._Assertions                                                              : loaded 2 times (x 69B)
Class com.google.common.reflect.Invokable                                             : loaded 2 times (x 101B)
Class com.google.common.collect.MapMaker$Dummy                                        : loaded 2 times (x 77B)
Class org.objectweb.asm.FieldWriter                                                   : loaded 2 times (x 76B)
Class com.google.common.cache.CacheBuilder$NullListener                               : loaded 2 times (x 80B)
Class org.gradle.internal.classpath.TransformedClassPath                              : loaded 2 times (x 94B)
Class org.gradle.internal.classloader.InstrumentingClassLoader                        : loaded 2 times (x 68B)
Class kotlin.enums.EnumEntriesList                                                    : loaded 2 times (x 221B)
Class com.google.common.reflect.Types$ParameterizedTypeImpl                           : loaded 2 times (x 79B)
Class com.google.common.collect.Maps$IteratorBasedAbstractMap$1                       : loaded 2 times (x 136B)
Class com.google.common.collect.ImmutableRangeSet$AsSet                               : loaded 2 times (x 297B)
Class com.google.common.cache.CacheLoader$FunctionToCacheLoader                       : loaded 2 times (x 73B)
Class com.google.common.collect.Iterators$ArrayItr                                    : loaded 2 times (x 95B)
Class com.google.common.collect.ImmutableCollection$Builder                           : loaded 2 times (x 74B)
Class kotlin.comparisons.ComparisonsKt___ComparisonsJvmKt                             : loaded 2 times (x 69B)
Class kotlin.collections.CollectionsKt__IteratorsJVMKt                                : loaded 2 times (x 69B)
Class com.google.common.reflect.TypeResolver$TypeVariableKey                          : loaded 2 times (x 70B)
Class com.google.common.collect.BaseImmutableMultimap                                 : loaded 2 times (x 121B)
Class com.google.common.base.Joiner                                                   : loaded 2 times (x 77B)
Class com.google.common.base.MoreObjects                                              : loaded 2 times (x 69B)
Class org.jetbrains.kotlin.build.report.metrics.GradleBuildTime                       : loaded 2 times (x 84B)
Class [Lorg.objectweb.asm.Type;                                                       : loaded 2 times (x 67B)
Class com.google.common.collect.Platform                                              : loaded 2 times (x 69B)
Class com.google.common.collect.UnmodifiableIterator                                  : loaded 2 times (x 78B)
Class org.gradle.internal.service.ServiceLocator                                      : loaded 2 times (x 68B)
Class kotlin.Pair                                                                     : loaded 2 times (x 70B)
Class [Lkotlin.Function;                                                              : loaded 2 times (x 67B)
Class com.google.common.base.Ascii                                                    : loaded 2 times (x 69B)
Class com.google.common.collect.SingletonImmutableBiMap                               : loaded 2 times (x 141B)
Class com.google.common.cache.LocalCache$1                                            : loaded 2 times (x 87B)
Class com.google.common.collect.AbstractMapEntry                                      : loaded 2 times (x 79B)
Class kotlin.io.CloseableKt                                                           : loaded 2 times (x 69B)
Class kotlin.collections.CollectionsKt__MutableCollectionsKt                          : loaded 2 times (x 69B)
Class com.google.common.reflect.TypeToken$SimpleTypeToken                             : loaded 2 times (x 71B)
Class com.google.common.io.ByteSource$ByteArrayByteSource                             : loaded 2 times (x 83B)
Class com.google.common.collect.MapMakerInternalMap$AbstractStrongKeyEntry            : loaded 2 times (x 78B)
Class com.google.common.collect.Sets$ImprovedAbstractSet                              : loaded 2 times (x 133B)
Class com.google.common.collect.ImmutableList$Builder                                 : loaded 2 times (x 75B)
Class com.google.common.cache.LocalCache$2                                            : loaded 2 times (x 140B)
Class com.google.common.collect.AbstractMultimap                                      : loaded 2 times (x 121B)
Class kotlin.io.TerminateException                                                    : loaded 2 times (x 80B)
Class kotlin.io.FilesKt__FilePathComponentsKt                                         : loaded 2 times (x 69B)
Class com.google.common.collect.ImmutableRangeSet$1                                   : loaded 2 times (x 207B)
Class com.google.common.util.concurrent.AbstractFuture$UnsafeAtomicHelper$1           : loaded 2 times (x 74B)
Class com.google.common.collect.RegularImmutableAsList                                : loaded 2 times (x 214B)
Class com.google.common.base.Optional                                                 : loaded 2 times (x 78B)
Class com.google.common.collect.Range                                                 : loaded 2 times (x 85B)
Class com.google.common.util.concurrent.AbstractFuture$Trusted                        : loaded 2 times (x 68B)
Class com.google.common.collect.Iterators                                             : loaded 2 times (x 69B)
Class com.google.common.base.CharMatcher$RangesMatcher                                : loaded 2 times (x 110B)
Class [Lorg.jetbrains.kotlin.build.report.metrics.BuildTime;                          : loaded 2 times (x 67B)
Class com.google.common.io.ByteSink$AsCharSink                                        : loaded 2 times (x 78B)
Class com.google.common.util.concurrent.UncheckedExecutionException                   : loaded 2 times (x 80B)
Class com.google.common.collect.Lists$StringAsImmutableList                           : loaded 2 times (x 205B)
Class com.google.common.collect.ImmutableSortedSetFauxverideShim                      : loaded 2 times (x 145B)
Class com.google.common.base.CharMatcher$JavaLetterOrDigit                            : loaded 2 times (x 109B)
Class org.gradle.internal.InternalTransformer                                         : loaded 2 times (x 68B)
Class kotlin.collections.EmptyList                                                    : loaded 2 times (x 172B)
Class kotlin.collections.MapsKt__MapsJVMKt                                            : loaded 2 times (x 69B)
Class com.google.common.collect.AbstractMapBasedMultimap$KeySet$1                     : loaded 2 times (x 80B)
Class org.objectweb.asm.ClassWriter                                                   : loaded 2 times (x 104B)
Class com.google.common.cache.CacheLoader$UnsupportedLoadingOperationException        : loaded 2 times (x 80B)
Class com.google.common.base.CharMatcher$And                                          : loaded 2 times (x 110B)
Class org.gradle.internal.classloader.ClasspathUtil$1                                 : loaded 2 times (x 74B)
Class com.google.common.collect.FluentIterable$1                                      : loaded 2 times (x 79B)
Class com.google.common.base.Objects                                                  : loaded 2 times (x 69B)
Class org.objectweb.asm.FieldVisitor                                                  : loaded 2 times (x 75B)
Class com.google.common.collect.IndexedImmutableSet                                   : loaded 2 times (x 148B)
Class com.google.common.collect.ImmutableMap$1                                        : loaded 2 times (x 79B)
Class com.google.common.collect.BiMap                                                 : loaded 2 times (x 68B)
Class org.gradle.api.internal.classpath.DefaultModuleRegistry$DefaultModule           : loaded 2 times (x 84B)
Class org.jetbrains.kotlin.name.ClassId                                               : loaded 2 times (x 70B)
Class com.google.common.reflect.Reflection                                            : loaded 2 times (x 69B)
Class com.google.common.base.Absent                                                   : loaded 2 times (x 78B)
Class com.google.common.collect.FluentIterable$2                                      : loaded 2 times (x 79B)
Class com.google.common.primitives.Ints                                               : loaded 2 times (x 69B)
Class com.google.common.collect.AbstractIterator                                      : loaded 2 times (x 80B)
Class ijKotlinCoroutineJvmDebugInit1_84wf0hjeca84oepavwu4apobm$_run_closure1          : loaded 2 times (x 137B)
Class kotlin.collections.ArraysKt__ArraysKt                                           : loaded 2 times (x 69B)
Class com.google.common.collect.FluentIterable$3                                      : loaded 2 times (x 79B)
Class com.google.common.math.MathPreconditions                                        : loaded 2 times (x 69B)
Class com.google.common.collect.Multiset                                              : loaded 2 times (x 68B)
Class com.google.common.collect.ArrayListMultimapGwtSerializationDependencies         : loaded 2 times (x 170B)
Class com.google.common.collect.ObjectArrays                                          : loaded 2 times (x 69B)
Class com.google.common.collect.AbstractIndexedListIterator                           : loaded 2 times (x 94B)
Class kotlin.collections.SetsKt__SetsJVMKt                                            : loaded 2 times (x 69B)
Class kotlin.Function                                                                 : loaded 2 times (x 68B)
Class com.google.common.collect.ImmutableMapEntrySet                                  : loaded 2 times (x 149B)
Class org.gradle.api.internal.classpath.Module                                        : loaded 2 times (x 68B)
Class kotlin.io.FileAlreadyExistsException                                            : loaded 2 times (x 80B)
Class com.google.common.cache.Weigher                                                 : loaded 2 times (x 68B)
Class org.gradle.api.internal.classpath.UnknownModuleException                        : loaded 2 times (x 80B)
Class com.google.common.base.Stopwatch                                                : loaded 2 times (x 70B)
Class com.google.common.cache.LocalCache$Strength                                     : loaded 2 times (x 79B)
Class com.google.common.cache.Cache                                                   : loaded 2 times (x 68B)
Class org.jetbrains.kotlin.build.report.metrics.BuildMetricsReporter                  : loaded 2 times (x 68B)
Class com.google.common.io.Files$2                                                    : loaded 2 times (x 74B)
Class com.google.common.util.concurrent.AbstractFuture$Cancellation                   : loaded 2 times (x 70B)
Class com.google.common.collect.ImmutableMap$Builder                                  : loaded 2 times (x 80B)
Class com.google.common.base.NullnessCasts                                            : loaded 2 times (x 69B)
Class kotlin.io.ByteStreamsKt                                                         : loaded 2 times (x 69B)
Class com.google.common.collect.Maps$EntryFunction$1                                  : loaded 2 times (x 89B)
Class com.google.common.base.Present                                                  : loaded 2 times (x 79B)
Class com.google.common.collect.AbstractMapBasedMultimap$WrappedCollection$WrappedIterator: loaded 2 times (x 82B)
Class com.google.common.cache.RemovalListener                                         : loaded 2 times (x 68B)
Class org.gradle.api.internal.DefaultClassPathRegistry                                : loaded 2 times (x 74B)
Class com.google.common.reflect.Invokable$ConstructorInvokable                        : loaded 2 times (x 105B)
Class com.google.common.collect.Maps$EntryFunction$2                                  : loaded 2 times (x 89B)
Class com.google.common.primitives.IntsMethodsForWeb                                  : loaded 2 times (x 69B)
Class com.google.common.collect.Multimap                                              : loaded 2 times (x 68B)
Class org.gradle.api.internal.ClassPathRegistry                                       : loaded 2 times (x 68B)
Class org.gradle.internal.classpath.DefaultClassPath$ImmutableUniqueList              : loaded 2 times (x 197B)
Class kotlin.text.StringsKt__StringsJVMKt                                             : loaded 2 times (x 69B)
Class com.google.common.reflect.TypeToken                                             : loaded 2 times (x 71B)
Class com.google.common.collect.NullnessCasts                                         : loaded 2 times (x 69B)
Class com.google.common.collect.MapMakerInternalMap$Segment                           : loaded 2 times (x 140B)
Class com.google.common.base.ExtraObjectsMethodsForWeb                                : loaded 2 times (x 69B)
Class kotlin.collections.SetsKt                                                       : loaded 2 times (x 69B)
Class kotlin.text.StringsKt__IndentKt                                                 : loaded 2 times (x 69B)
Class com.google.common.cache.RemovalCause                                            : loaded 2 times (x 78B)
Class com.google.common.io.ByteSink                                                   : loaded 2 times (x 74B)
Class com.google.common.cache.CacheBuilder                                            : loaded 2 times (x 70B)
Class com.google.common.collect.SingletonImmutableList                                : loaded 2 times (x 205B)
Class Settings_gradle$1                                                               : loaded 2 times (x 72B)
Class org.gradle.internal.classpath.ClassPath                                         : loaded 2 times (x 68B)
Class org.gradle.api.UncheckedIOException                                             : loaded 2 times (x 80B)
Class [Lcom.google.common.reflect.Types$JavaVersion;                                  : loaded 2 times (x 67B)
Class com.google.common.collect.Interners$InternerBuilder                             : loaded 2 times (x 74B)
Class com.google.common.io.Files$FileByteSource                                       : loaded 2 times (x 83B)
Class com.google.common.collect.ImmutableList$ReverseImmutableList                    : loaded 2 times (x 206B)
Class com.google.common.base.JdkPattern                                               : loaded 2 times (x 73B)
Class ijKotlinCoroutineJvmDebugInit1_84wf0hjeca84oepavwu4apobm$_run_closure1$_closure2: loaded 2 times (x 137B)
Class kotlin.collections.MapsKt__MapsKt                                               : loaded 2 times (x 69B)
Class org.objectweb.asm.SymbolTable$Entry                                             : loaded 2 times (x 72B)
Class com.google.common.util.concurrent.AbstractFuture$AtomicHelper                   : loaded 2 times (x 76B)
Class org.objectweb.asm.Edge                                                          : loaded 2 times (x 70B)
Class com.google.common.base.Suppliers$SupplierOfInstance                             : loaded 2 times (x 77B)
Class com.google.common.collect.Iterators$1                                           : loaded 2 times (x 79B)
Class kotlin.UninitializedPropertyAccessException                                     : loaded 2 times (x 80B)
Class com.google.common.reflect.TypeToken$1                                           : loaded 2 times (x 108B)
Class com.google.common.cache.LocalCache$ComputingValueReference                      : loaded 2 times (x 94B)
Class com.google.common.collect.SingletonImmutableSet                                 : loaded 2 times (x 144B)
Class com.google.common.collect.ImmutableMap$IteratorBasedImmutableMap                : loaded 2 times (x 123B)
Class com.google.common.reflect.TypeToken$2                                           : loaded 2 times (x 108B)
Class com.google.common.cache.LocalCache$Segment                                      : loaded 2 times (x 152B)
Class com.google.common.collect.SortedIterable                                        : loaded 2 times (x 68B)
Class [Lorg.objectweb.asm.SymbolTable$Entry;                                          : loaded 2 times (x 67B)
Class com.google.common.cache.CacheLoader                                             : loaded 2 times (x 72B)
Class com.google.common.collect.Iterators$4                                           : loaded 2 times (x 80B)
Class com.google.common.collect.ImmutableBiMap                                        : loaded 2 times (x 141B)
Class com.google.common.collect.AbstractListMultimap                                  : loaded 2 times (x 170B)
Class org.gradle.internal.installation.GradleInstallation$1                           : loaded 2 times (x 73B)
Class org.gradle.api.internal.classpath.ModuleRegistry                                : loaded 2 times (x 68B)
Class com.google.common.util.concurrent.internal.InternalFutureFailureAccess          : loaded 2 times (x 70B)
Class com.google.common.collect.Iterators$5                                           : loaded 2 times (x 80B)
Class com.google.common.collect.ImmutableSet$JdkBackedSetBuilderImpl                  : loaded 2 times (x 74B)
Class com.google.common.base.Splitter$SplittingIterator                               : loaded 2 times (x 82B)
Class org.jetbrains.kotlin.name.FqNameUnsafe                                          : loaded 2 times (x 70B)
Class com.google.common.collect.Iterators$6                                           : loaded 2 times (x 79B)
Class com.google.common.io.Closer$SuppressingSuppressor                               : loaded 2 times (x 73B)
Class com.google.common.util.concurrent.AbstractFuture$UnsafeAtomicHelper             : loaded 2 times (x 76B)
Class com.google.common.cache.LocalCache$LocalManualCache$1                           : loaded 2 times (x 73B)
Class com.google.common.base.CharMatcher$ForPredicate                                 : loaded 2 times (x 110B)
Class kotlin.io.FilesKt__UtilsKt                                                      : loaded 2 times (x 69B)
Class kotlin.collections.CollectionsKt__CollectionsJVMKt                              : loaded 2 times (x 69B)
Class com.google.common.collect.ImmutableCollection                                   : loaded 2 times (x 123B)
Class com.google.common.base.CharMatcher$AnyOf                                        : loaded 2 times (x 110B)
Class org.gradle.api.internal.classpath.DefaultModuleRegistry                         : loaded 2 times (x 84B)
Class kotlin.sequences.SequencesKt                                                    : loaded 2 times (x 69B)
Class kotlin.collections.CollectionsKt__IteratorsKt                                   : loaded 2 times (x 69B)
Class org.jetbrains.kotlin.build.report.metrics.GradleBuildTime$Companion             : loaded 2 times (x 69B)
Class com.google.common.util.concurrent.ListenableFuture                              : loaded 2 times (x 68B)
Class com.google.common.cache.ReferenceEntry                                          : loaded 2 times (x 68B)
Class com.google.common.collect.ImmutableSet$CachingAsList                            : loaded 2 times (x 145B)
Class com.google.common.base.Converter                                                : loaded 2 times (x 88B)
Class com.google.common.collect.Lists                                                 : loaded 2 times (x 69B)
Class com.google.common.base.CharMatcher$Any                                          : loaded 2 times (x 110B)
Class kotlin.text.StringsKt                                                           : loaded 2 times (x 69B)
Class com.google.common.util.concurrent.AbstractFuture                                : loaded 2 times (x 104B)
Class com.google.common.base.FunctionalEquivalence                                    : loaded 2 times (x 81B)
Class com.google.common.collect.Iterators$9                                           : loaded 2 times (x 79B)
Class com.google.common.collect.AbstractMapBasedMultimap                              : loaded 2 times (x 137B)
Class com.google.common.collect.ImmutableAsList                                       : loaded 2 times (x 207B)
Class kotlin.LazyKt__LazyJVMKt                                                        : loaded 2 times (x 69B)
Class com.google.common.reflect.TypeResolver$TypeTable                                : loaded 2 times (x 71B)
Class org.objectweb.asm.RecordComponentVisitor                                        : loaded 2 times (x 75B)
Class com.google.common.cache.CacheLoader$SupplierToCacheLoader                       : loaded 2 times (x 73B)
Class kotlin.io.FilesKt__FileReadWriteKt                                              : loaded 2 times (x 69B)
Class kotlin.text.StringsKt__StringNumberConversionsKt                                : loaded 2 times (x 69B)
Class com.google.common.reflect.TypeResolver$TypeTable$1                              : loaded 2 times (x 71B)
Class com.google.common.collect.Maps$EntryTransformer                                 : loaded 2 times (x 68B)
Class org.gradle.internal.service.ServiceLookupException                              : loaded 2 times (x 80B)
Class com.google.common.collect.ImmutableSortedSet                                    : loaded 2 times (x 297B)
Class [Lcom.google.common.cache.LocalCache$EntryFactory;                              : loaded 2 times (x 67B)
Class com.google.common.base.CharMatcher$JavaLetter                                   : loaded 2 times (x 109B)
Class ijJvmDebugger1_1nxz8iacv3bg692g0l3pkvalm$_run_closure1$_closure2                : loaded 2 times (x 138B)
Class org.gradle.internal.classloader.ClassLoaderFactory                              : loaded 2 times (x 68B)
Class com.google.common.cache.LocalCache$LocalManualCache                             : loaded 2 times (x 97B)
Class com.google.common.base.CharMatcher$IsNot                                        : loaded 2 times (x 109B)
Class com.google.common.base.CommonPattern                                            : loaded 2 times (x 72B)
Class org.gradle.internal.service.CachingServiceLocator                               : loaded 2 times (x 80B)
Class com.google.common.collect.AbstractMapBasedMultimap$KeySet                       : loaded 2 times (x 135B)
Class com.google.common.collect.RegularImmutableSortedSet                             : loaded 2 times (x 297B)
Class com.google.common.math.IntMath                                                  : loaded 2 times (x 69B)
Class org.jetbrains.kotlin.build.report.metrics.BuildTime                             : loaded 2 times (x 68B)
Class com.google.common.reflect.Types$TypeVariableInvocationHandler                   : loaded 2 times (x 73B)
Class com.google.common.collect.MapMakerInternalMap$InternalEntry                     : loaded 2 times (x 68B)
Class com.google.common.collect.Iterators$10                                          : loaded 2 times (x 79B)
Class com.google.common.collect.ImmutableMapEntry                                     : loaded 2 times (x 83B)
Class com.google.common.base.CharMatcher$JavaDigit                                    : loaded 2 times (x 109B)
Class org.jetbrains.kotlin.name.FqName                                                : loaded 2 times (x 70B)
Class kotlin.enums.EnumEntries                                                        : loaded 2 times (x 68B)
Class org.jetbrains.kotlin.build.report.metrics.DoNothingBuildMetricsReporter         : loaded 2 times (x 84B)
Class com.google.common.base.Predicates                                               : loaded 2 times (x 69B)
Class com.google.common.collect.ImmutableMultimap                                     : loaded 2 times (x 145B)
Class com.google.common.base.Equivalence                                              : loaded 2 times (x 80B)
Class com.google.common.collect.ImmutableMapEntry$NonTerminalImmutableMapEntry        : loaded 2 times (x 83B)
Class com.google.common.base.Function                                                 : loaded 2 times (x 68B)
Class org.jetbrains.kotlin.name.ClassId$Companion                                     : loaded 2 times (x 69B)
Class com.google.common.collect.IndexedImmutableSet$1                                 : loaded 2 times (x 210B)
Class com.google.common.cache.CacheBuilder$OneWeigher                                 : loaded 2 times (x 80B)
Class com.google.common.collect.RegularImmutableList                                  : loaded 2 times (x 210B)
Class com.google.common.reflect.Types$ClassOwnership$1LocalClass                      : loaded 2 times (x 69B)
Class com.google.common.collect.Maps$EntryFunction                                    : loaded 2 times (x 89B)
Class com.google.common.collect.ImmutableBiMapFauxverideShim                          : loaded 2 times (x 118B)
Class org.gradle.internal.classloader.ClasspathUtil                                   : loaded 2 times (x 69B)
Class kotlin.io.FileSystemException                                                   : loaded 2 times (x 80B)
Class com.google.common.base.Charsets                                                 : loaded 2 times (x 69B)
Class com.google.common.util.concurrent.Uninterruptibles                              : loaded 2 times (x 69B)
Class com.google.common.io.CharSource                                                 : loaded 2 times (x 83B)
Class com.google.common.collect.Maps                                                  : loaded 2 times (x 69B)
Class com.google.common.base.CharMatcher$JavaUpperCase                                : loaded 2 times (x 109B)
Class org.gradle.api.specs.Spec                                                       : loaded 2 times (x 68B)
Class org.jetbrains.kotlin.name.Name                                                  : loaded 2 times (x 73B)
Class com.google.common.reflect.Types$JavaVersion                                     : loaded 2 times (x 81B)
Class com.google.common.collect.MapMaker                                              : loaded 2 times (x 70B)
Class [Lcom.google.common.collect.ImmutableEntry;                                     : loaded 2 times (x 67B)
Class com.google.common.collect.Sets$3$1                                              : loaded 2 times (x 80B)
Class com.google.common.cache.LocalCache$LoadingValueReference                        : loaded 2 times (x 94B)
Class kotlin.SynchronizedLazyImpl                                                     : loaded 2 times (x 74B)
Class kotlin.text.StringsKt__RegexExtensionsKt                                        : loaded 2 times (x 69B)
Class com.google.common.reflect.Invokable$MethodInvokable                             : loaded 2 times (x 105B)
Class com.google.common.collect.MapMakerInternalMap$StrongKeyDummyValueEntry          : loaded 2 times (x 80B)
Class com.google.common.base.Platform                                                 : loaded 2 times (x 69B)
Class kotlin.sequences.SequencesKt__SequencesJVMKt                                    : loaded 2 times (x 69B)
Class kotlin.collections.AbstractList                                                 : loaded 2 times (x 195B)
Class kotlin.collections.AbstractCollection                                           : loaded 2 times (x 115B)
Class com.google.common.collect.AbstractMapBasedMultimap$WrappedList                  : loaded 2 times (x 203B)
Class [Lorg.objectweb.asm.AnnotationWriter;                                           : loaded 2 times (x 67B)
Class com.google.common.primitives.Ints$IntConverter                                  : loaded 2 times (x 88B)
Class com.google.common.collect.Maps$8                                                : loaded 2 times (x 80B)
Class ijKotlinCoroutineJvmDebugInit1_84wf0hjeca84oepavwu4apobm                        : loaded 2 times (x 177B)
Class kotlin.LazyKt__LazyKt                                                           : loaded 2 times (x 69B)
Class kotlin.text.StringsKt__StringBuilderJVMKt                                       : loaded 2 times (x 69B)
Class com.google.common.base.Predicates$CompositionPredicate                          : loaded 2 times (x 86B)
Class [Lcom.google.common.collect.Iterators$EmptyModifiableIterator;                  : loaded 2 times (x 67B)
Class com.google.common.collect.ImmutableRangeSet$Builder                             : loaded 2 times (x 75B)
Class com.google.common.collect.Sets$SetView                                          : loaded 2 times (x 136B)
Class com.google.common.cache.LocalCache$StrongValueReference                         : loaded 2 times (x 88B)
Class com.google.common.util.concurrent.AbstractFuture$SynchronizedHelper             : loaded 2 times (x 76B)
Class com.google.common.base.CharMatcher$Invisible                                    : loaded 2 times (x 110B)
Class kotlin.UNINITIALIZED_VALUE                                                      : loaded 2 times (x 69B)
Class com.google.common.graph.SuccessorsFunction                                      : loaded 2 times (x 68B)
Class org.objectweb.asm.Type                                                          : loaded 2 times (x 70B)
Class org.gradle.internal.classloader.VisitableURLClassLoader$InstrumentingVisitableURLClassLoader: loaded 2 times (x 121B)
Class kotlin.comparisons.ComparisonsKt__ComparisonsKt                                 : loaded 2 times (x 69B)
Class kotlin.ranges.RangesKt__RangesKt                                                : loaded 2 times (x 69B)
Class kotlin.collections.SetsKt___SetsKt                                              : loaded 2 times (x 69B)
Class kotlin.sequences.SequencesKt__SequencesKt                                       : loaded 2 times (x 69B)
Class com.google.common.collect.MapMakerInternalMap$StrongKeyDummyValueEntry$Helper   : loaded 2 times (x 77B)
Class com.google.common.io.Files$FileByteSink                                         : loaded 2 times (x 75B)
Class org.objectweb.asm.ByteVector                                                    : loaded 2 times (x 77B)
Class [Lcom.google.common.cache.CacheBuilder$NullListener;                            : loaded 2 times (x 67B)
Class com.google.common.math.IntMath$1                                                : loaded 2 times (x 69B)
Class org.gradle.internal.classloader.VisitableURLClassLoader$Spec                    : loaded 2 times (x 72B)
Class org.gradle.internal.classpath.DefaultClassPath                                  : loaded 2 times (x 88B)
Class kotlin.comparisons.ComparisonsKt                                                : loaded 2 times (x 69B)
Class kotlin.comparisons.ComparisonsKt___ComparisonsKt                                : loaded 2 times (x 69B)
Class kotlin.sequences.FilteringSequence                                              : loaded 2 times (x 73B)
Class [Lorg.jetbrains.kotlin.build.report.metrics.GradleBuildTime;                    : loaded 2 times (x 67B)
Class com.google.common.reflect.Types$ClassOwnership                                  : loaded 2 times (x 78B)
Class org.objectweb.asm.Symbol                                                        : loaded 2 times (x 71B)
Class com.google.common.base.AbstractIterator                                         : loaded 2 times (x 78B)
Class com.google.common.collect.Sets$FilteredSet                                      : loaded 2 times (x 135B)
Class com.google.common.io.Closer                                                     : loaded 2 times (x 76B)
Class com.google.common.collect.RegularImmutableMap$Values                            : loaded 2 times (x 205B)
Class com.google.common.collect.ImmutableSet                                          : loaded 2 times (x 143B)
Class com.google.common.base.CharMatcher$Ascii                                        : loaded 2 times (x 110B)
Class com.google.common.base.CharMatcher$BitSetMatcher                                : loaded 2 times (x 110B)
Class org.gradle.internal.classloader.ClassLoaderSpec                                 : loaded 2 times (x 69B)
Class kotlin.collections.CollectionsKt___CollectionsJvmKt                             : loaded 2 times (x 69B)
Class com.google.common.io.ByteSource$EmptyByteSource                                 : loaded 2 times (x 83B)
Class org.objectweb.asm.AnnotationWriter                                              : loaded 2 times (x 77B)
Class com.google.common.cache.CacheStats                                              : loaded 2 times (x 69B)
Class kotlin.TuplesKt                                                                 : loaded 2 times (x 69B)
Class kotlin.Unit                                                                     : loaded 2 times (x 69B)
Class kotlin.sequences.SequencesKt___SequencesJvmKt                                   : loaded 2 times (x 69B)
Class com.google.common.collect.Interners                                             : loaded 2 times (x 69B)
Class com.google.common.io.Closer$Suppressor                                          : loaded 2 times (x 68B)
Class com.google.common.io.LineProcessor                                              : loaded 2 times (x 68B)
Class org.objectweb.asm.RecordComponentWriter                                         : loaded 2 times (x 76B)
Class com.google.common.util.concurrent.AbstractFuture$Listener                       : loaded 2 times (x 70B)
Class com.google.common.base.CharMatcher$Or                                           : loaded 2 times (x 110B)
Class Settings_gradle$1$1                                                             : loaded 2 times (x 72B)
Class kotlin.ranges.RangesKt                                                          : loaded 2 times (x 69B)
Class org.objectweb.asm.Attribute                                                     : loaded 2 times (x 75B)
Class com.google.common.base.Supplier                                                 : loaded 2 times (x 68B)
Class org.gradle.internal.classloader.VisitableURLClassLoader                         : loaded 2 times (x 115B)
Class kotlin.collections.ArraysUtilJVM                                                : loaded 2 times (x 69B)
Class kotlin.jvm.functions.Function0                                                  : loaded 2 times (x 68B)
Class com.google.common.collect.ImmutableList$SerializedForm                          : loaded 2 times (x 71B)
Class com.google.common.util.concurrent.AbstractFuture$Waiter                         : loaded 2 times (x 70B)
Class Settings_gradle                                                                 : loaded 2 times (x 126B)
Class org.gradle.internal.Cast                                                        : loaded 2 times (x 69B)
Class org.gradle.api.Action                                                           : loaded 2 times (x 68B)
Class kotlin.jvm.functions.Function1                                                  : loaded 2 times (x 68B)
Class com.google.common.collect.MapMakerInternalMap                                   : loaded 2 times (x 159B)
Class com.google.common.base.Strings                                                  : loaded 2 times (x 69B)
Class com.google.common.collect.Sets                                                  : loaded 2 times (x 69B)
Class org.objectweb.asm.Handler                                                       : loaded 2 times (x 70B)
Class com.google.common.base.Ticker                                                   : loaded 2 times (x 70B)
Class com.google.common.base.CharMatcher$FastMatcher                                  : loaded 2 times (x 109B)
Class kotlin.jvm.functions.Function2                                                  : loaded 2 times (x 68B)
Class com.google.common.cache.RemovalCause$1                                          : loaded 2 times (x 78B)
Class [Lcom.google.common.cache.LocalCache$Segment;                                   : loaded 2 times (x 67B)
Class [Lcom.google.common.cache.LocalCache$Strength;                                  : loaded 2 times (x 67B)
Class com.google.common.cache.CacheBuilder$1                                          : loaded 2 times (x 83B)
Class com.google.common.collect.ImmutableMap                                          : loaded 2 times (x 118B)
Class com.google.common.base.Predicate                                                : loaded 2 times (x 68B)
Class org.gradle.internal.classpath.DefaultClassPath$ImmutableUniqueList$Builder      : loaded 2 times (x 73B)
Class kotlin.jvm.functions.Function3                                                  : loaded 2 times (x 68B)
Class kotlin.collections.MapsKt___MapsJvmKt                                           : loaded 2 times (x 69B)
Class com.google.common.cache.RemovalCause$2                                          : loaded 2 times (x 78B)
Class com.google.common.collect.MapMakerInternalMap$WeakValueReference                : loaded 2 times (x 68B)
Class com.google.common.collect.AbstractRangeSet                                      : loaded 2 times (x 112B)
Class com.google.common.cache.LocalCache                                              : loaded 2 times (x 185B)
Class com.google.common.cache.CacheBuilder$2                                          : loaded 2 times (x 70B)
Class com.google.common.base.CharMatcher$NegatedFastMatcher                           : loaded 2 times (x 111B)
Class kotlin.collections.CollectionsKt___CollectionsKt                                : loaded 2 times (x 69B)
Class com.google.common.cache.RemovalCause$3                                          : loaded 2 times (x 78B)
Class [Lcom.google.common.collect.AbstractMapEntry;                                   : loaded 2 times (x 67B)
Class com.google.common.collect.ImmutableEntry                                        : loaded 2 times (x 80B)
Class com.google.common.collect.ArrayListMultimap                                     : loaded 2 times (x 170B)
Class com.google.common.base.AbstractIterator$1                                       : loaded 2 times (x 69B)
Class com.google.common.base.CharMatcher$Digit                                        : loaded 2 times (x 110B)
Class org.gradle.api.GradleException                                                  : loaded 2 times (x 80B)
Class kotlin.text.StringsKt___StringsJvmKt                                            : loaded 2 times (x 69B)
Class com.google.common.cache.RemovalCause$4                                          : loaded 2 times (x 78B)
Class com.google.common.base.Suppliers$MemoizingSupplier                              : loaded 2 times (x 77B)
Class com.google.common.collect.CollectPreconditions                                  : loaded 2 times (x 69B)
Class com.google.common.base.CharMatcher$JavaIsoControl                               : loaded 2 times (x 110B)
Class kotlin.collections.MapsKt___MapsKt                                              : loaded 2 times (x 69B)
Class kotlin.io.FilesKt                                                               : loaded 2 times (x 69B)
Class kotlin.collections.ArraysKt___ArraysKt                                          : loaded 2 times (x 69B)
Class com.google.common.cache.RemovalCause$5                                          : loaded 2 times (x 78B)
Class com.google.common.collect.Maps$AbstractFilteredMap                              : loaded 2 times (x 125B)
Class [Lcom.google.common.collect.MapMakerInternalMap$Strength;                       : loaded 2 times (x 67B)
Class [Lcom.google.common.io.FileWriteMode;                                           : loaded 2 times (x 67B)
Class com.google.common.collect.SortedMapDifference                                   : loaded 2 times (x 68B)
Class com.google.common.base.CharMatcher$JavaLowerCase                                : loaded 2 times (x 109B)
Class kotlin.collections.MapsKt__MapWithDefaultKt                                     : loaded 2 times (x 69B)
Class com.google.common.collect.Iterables$4                                           : loaded 2 times (x 79B)
Class com.google.common.collect.MapMakerInternalMap$StrongKeyDummyValueSegment        : loaded 2 times (x 140B)
Class com.google.common.cache.LocalCache$WriteThroughEntry                            : loaded 2 times (x 77B)
Class com.google.common.cache.LocalCache$HashIterator                                 : loaded 2 times (x 84B)
Class com.google.common.io.Files                                                      : loaded 2 times (x 69B)
Class com.google.common.cache.LocalCache$EntryFactory                                 : loaded 2 times (x 81B)
Class kotlin.collections.CollectionsKt__MutableCollectionsJVMKt                       : loaded 2 times (x 69B)
Class kotlin.enums.EnumEntriesKt                                                      : loaded 2 times (x 69B)
Class kotlin.text.StringsKt___StringsKt                                               : loaded 2 times (x 69B)
Class com.google.common.reflect.Types$NativeTypeVariableEquals                        : loaded 2 times (x 69B)
Class com.google.common.reflect.TypeParameter                                         : loaded 2 times (x 70B)
Class com.google.common.collect.Iterables$5                                           : loaded 2 times (x 79B)
Class [Lcom.google.common.collect.MapMaker$Dummy;                                     : loaded 2 times (x 67B)
Class com.google.common.cache.LocalCache$AbstractReferenceEntry                       : loaded 2 times (x 105B)
Class com.google.common.base.Splitter$1$1                                             : loaded 2 times (x 84B)
Class com.google.common.base.CharMatcher$Whitespace                                   : loaded 2 times (x 110B)
Class org.gradle.internal.IoActions                                                   : loaded 2 times (x 69B)
Class com.google.common.collect.ImmutableMapKeySet                                    : loaded 2 times (x 148B)
Class com.google.common.collect.ImmutableRangeSet$ComplementRanges                    : loaded 2 times (x 205B)
Class org.objectweb.asm.SymbolTable                                                   : loaded 2 times (x 70B)
Class com.google.common.cache.CacheLoader$InvalidCacheLoadException                   : loaded 2 times (x 80B)
Class com.google.common.collect.ImmutableSet$RegularSetBuilderImpl                    : loaded 2 times (x 75B)
Class com.google.common.base.CharMatcher$SingleWidth                                  : loaded 2 times (x 110B)
Class org.gradle.internal.classloader.SystemClassLoaderSpec                           : loaded 2 times (x 69B)
Class kotlin.jvm.internal.Intrinsics                                                  : loaded 2 times (x 69B)
Class com.google.common.collect.FluentIterable                                        : loaded 2 times (x 79B)
Class com.google.common.cache.LocalCache$StrongEntry                                  : loaded 2 times (x 106B)
Class com.google.common.util.concurrent.AbstractFuture$TrustedFuture                  : loaded 2 times (x 112B)
Class com.google.common.cache.LoadingCache                                            : loaded 2 times (x 68B)
Class kotlin.collections.MapsKt                                                       : loaded 2 times (x 69B)
Class kotlin.collections.CollectionsKt__IterablesKt                                   : loaded 2 times (x 69B)
Class com.google.common.io.ByteStreams$LimitedInputStream                             : loaded 2 times (x 90B)
Class com.google.common.base.Suppliers$NonSerializableMemoizingSupplier               : loaded 2 times (x 77B)
Class org.objectweb.asm.MethodWriter                                                  : loaded 2 times (x 104B)
Class [Lcom.google.common.cache.Weigher;                                              : loaded 2 times (x 67B)
Class com.google.common.collect.RegularImmutableMap$BucketOverflowException           : loaded 2 times (x 80B)
Class kotlin.KotlinNullPointerException                                               : loaded 2 times (x 81B)
Class com.google.common.collect.AbstractMapBasedMultimap$RandomAccessWrappedList      : loaded 2 times (x 203B)
Class kotlin.ranges.RangesKt___RangesKt                                               : loaded 2 times (x 69B)
Class com.google.common.reflect.Types$JavaVersion$1                                   : loaded 2 times (x 81B)
Class com.google.common.collect.AbstractIterator$State                                : loaded 2 times (x 77B)
Class com.google.common.collect.RegularImmutableBiMap                                 : loaded 2 times (x 146B)
Class com.google.common.cache.LocalCache$ValueReference                               : loaded 2 times (x 68B)
Class com.google.common.base.CharMatcher$Is                                           : loaded 2 times (x 109B)
Class com.google.common.base.CharMatcher$Negated                                      : loaded 2 times (x 111B)
Class kotlin.collections.ArraysKt                                                     : loaded 2 times (x 69B)
Class com.google.common.reflect.Types$JavaVersion$2                                   : loaded 2 times (x 81B)
Class com.google.common.reflect.Types                                                 : loaded 2 times (x 69B)
Class com.google.common.hash.PrimitiveSink                                            : loaded 2 times (x 68B)
Class com.google.common.base.PatternCompiler                                          : loaded 2 times (x 68B)
Class com.google.common.util.concurrent.AbstractFuture$Failure                        : loaded 2 times (x 70B)
Class com.google.common.base.Equivalence$Equals                                       : loaded 2 times (x 80B)
Class com.google.common.collect.Hashing                                               : loaded 2 times (x 69B)
Class com.google.common.base.Preconditions                                            : loaded 2 times (x 69B)
Class kotlin.collections.SetsKt__SetsKt                                               : loaded 2 times (x 69B)
Class kotlin.LazyKt                                                                   : loaded 2 times (x 69B)
Class com.google.common.reflect.Types$JavaVersion$3                                   : loaded 2 times (x 81B)
Class com.google.common.collect.ImmutableSetMultimap                                  : loaded 2 times (x 178B)
Class com.google.common.io.CharSink                                                   : loaded 2 times (x 77B)
Class com.google.common.base.Joiner$1                                                 : loaded 2 times (x 78B)
Class org.objectweb.asm.Label                                                         : loaded 2 times (x 71B)
Class org.objectweb.asm.CurrentFrame                                                  : loaded 2 times (x 71B)
Class org.objectweb.asm.ClassTooLargeException                                        : loaded 2 times (x 81B)
Class com.google.common.collect.PeekingIterator                                       : loaded 2 times (x 68B)
Class com.google.common.base.CharMatcher                                              : loaded 2 times (x 109B)
Class kotlin.collections.ArraysKt__ArraysJVMKt                                        : loaded 2 times (x 69B)
Class com.google.common.reflect.Types$JavaVersion$4                                   : loaded 2 times (x 81B)
Class com.google.common.io.ByteSource$AsCharSource                                    : loaded 2 times (x 84B)
Class com.google.common.collect.MapMakerInternalMap$InternalEntryHelper               : loaded 2 times (x 68B)
Class com.google.common.collect.Maps$IteratorBasedAbstractMap                         : loaded 2 times (x 123B)
Class com.google.common.collect.Table                                                 : loaded 2 times (x 68B)
Class com.google.common.collect.RangeGwtSerializationDependencies                     : loaded 2 times (x 69B)
Class com.google.common.base.Joiner$2                                                 : loaded 2 times (x 77B)
Class org.objectweb.asm.Frame                                                         : loaded 2 times (x 71B)
Class org.objectweb.asm.MethodVisitor                                                 : loaded 2 times (x 103B)
Class com.google.common.cache.LocalCache$EntryFactory$1                               : loaded 2 times (x 81B)
Class [Lcom.google.common.cache.RemovalListener;                                      : loaded 2 times (x 67B)
Class com.google.common.base.CharMatcher$1                                            : loaded 2 times (x 111B)
Class com.google.common.base.CharMatcher$NamedFastMatcher                             : loaded 2 times (x 110B)
Class kotlin.text.StringsKt__StringBuilderKt                                          : loaded 2 times (x 69B)
Class com.google.common.reflect.Types$JavaVersion$5                                   : loaded 2 times (x 69B)
Class [Lcom.google.common.reflect.Types$ClassOwnership;                               : loaded 2 times (x 67B)
Class com.google.common.collect.RangeSet                                              : loaded 2 times (x 68B)
Class com.google.common.cache.LocalCache$EntryFactory$2                               : loaded 2 times (x 81B)
Class org.gradle.api.internal.classpath.GlobalCacheRootsProvider                      : loaded 2 times (x 68B)
Class kotlin.Lazy                                                                     : loaded 2 times (x 68B)
Class kotlin.NoWhenBranchMatchedException                                             : loaded 2 times (x 80B)
Class com.google.common.collect.CollectCollectors                                     : loaded 2 times (x 69B)
Class org.objectweb.asm.ModuleWriter                                                  : loaded 2 times (x 80B)
Class com.google.common.cache.LocalCache$EntryFactory$3                               : loaded 2 times (x 81B)
Class com.google.common.base.Ticker$1                                                 : loaded 2 times (x 70B)
Class com.google.common.collect.ImmutableMapEntrySet$RegularEntrySet                  : loaded 2 times (x 149B)
Class com.google.common.collect.Maps$BiMapConverter                                   : loaded 2 times (x 88B)
Class [Lkotlin.jvm.functions.Function1;                                               : loaded 2 times (x 67B)
Class com.google.common.collect.SetMultimap                                           : loaded 2 times (x 68B)
Class com.google.common.cache.LocalCache$EntryFactory$4                               : loaded 2 times (x 81B)
Class com.google.common.collect.ImmutableSet$Builder                                  : loaded 2 times (x 83B)
Class com.google.common.base.CharMatcher$InRange                                      : loaded 2 times (x 109B)
Class kotlin.sequences.ConstrainedOnceSequence                                        : loaded 2 times (x 73B)
Class com.google.common.io.ByteStreams$1                                              : loaded 2 times (x 83B)
Class com.google.common.cache.LocalCache$EntryFactory$5                               : loaded 2 times (x 81B)
Class kotlin.jvm.internal.markers.KMappedMarker                                       : loaded 2 times (x 68B)
Class com.google.common.cache.LocalCache$EntryFactory$6                               : loaded 2 times (x 81B)
Class org.gradle.internal.installation.CurrentGradleInstallationLocator               : loaded 2 times (x 69B)
Class com.google.common.io.ByteSource$SlicedByteSource                                : loaded 2 times (x 83B)
Class com.google.common.collect.Maps$KeySet                                           : loaded 2 times (x 135B)
Class com.google.common.cache.LocalCache$EntryFactory$7                               : loaded 2 times (x 81B)
Class com.google.common.collect.ImmutableSet$EmptySetBuilderImpl                      : loaded 2 times (x 74B)
Class com.google.common.collect.ImmutableList                                         : loaded 2 times (x 204B)
Class org.gradle.internal.service.DefaultServiceLocator                               : loaded 2 times (x 81B)
Class com.google.common.collect.Maps$EntrySet                                         : loaded 2 times (x 134B)
Class com.google.common.cache.LocalCache$EntryFactory$8                               : loaded 2 times (x 81B)
Class com.google.common.collect.ImmutableSet$SetBuilderImpl                           : loaded 2 times (x 74B)
Class org.gradle.internal.installation.CurrentGradleInstallation                      : loaded 2 times (x 71B)
Class com.google.common.cache.CacheLoader$1                                           : loaded 2 times (x 73B)
Class com.google.common.collect.ForwardingObject                                      : loaded 2 times (x 70B)
Class com.google.common.collect.ImmutableList$SubList                                 : loaded 2 times (x 206B)
Class org.gradle.util.internal.GUtil                                                  : loaded 2 times (x 69B)
Class kotlin.io.NoSuchFileException                                                   : loaded 2 times (x 80B)
Class kotlin.collections.CollectionsKt                                                : loaded 2 times (x 69B)
Class com.google.common.io.ByteSource                                                 : loaded 2 times (x 82B)
Class com.google.common.util.concurrent.AbstractFuture$SetFuture                      : loaded 2 times (x 73B)
Class com.google.common.cache.AbstractCache$StatsCounter                              : loaded 2 times (x 68B)
Class com.google.common.reflect.Types$TypeVariableImpl                                : loaded 2 times (x 70B)
Class com.google.common.collect.MapMakerInternalMap$1                                 : loaded 2 times (x 81B)
Class com.google.common.collect.Iterators$MergingIterator                             : loaded 2 times (x 79B)
Class com.google.common.collect.RegularImmutableSet                                   : loaded 2 times (x 146B)
Class org.gradle.internal.installation.GradleInstallation                             : loaded 2 times (x 73B)
Class com.google.common.collect.Iterables                                             : loaded 2 times (x 69B)
Class com.google.common.base.Splitter$Strategy                                        : loaded 2 times (x 68B)
Class ijJvmDebugger1_1nxz8iacv3bg692g0l3pkvalm                                        : loaded 2 times (x 177B)

---------------  S Y S T E M  ---------------

OS:
DISTRIB_ID=Ubuntu
DISTRIB_RELEASE=24.04
DISTRIB_CODENAME=noble
DISTRIB_DESCRIPTION="Ubuntu 24.04.2 LTS"
uname: Linux 6.14.0-29-generic #29~24.04.1-Ubuntu SMP PREEMPT_DYNAMIC Thu Aug 14 16:52:50 UTC 2 x86_64
OS uptime: 0 days 0:29 hours
libc: glibc 2.39 NPTL 2.39 
rlimit (soft/hard): STACK 8192k/infinity , CORE 0k/infinity , NPROC 63365/63365 , NOFILE 1048576/1048576 , AS infinity/infinity , CPU infinity/infinity , DATA infinity/infinity , FSIZE infinity/infinity , MEMLOCK 2037864k/2037864k
load average: 2.78 1.65 1.14

/proc/meminfo:
MemTotal:       16302924 kB
MemFree:          202236 kB
MemAvailable:    3646848 kB
Buffers:           53656 kB
Cached:          3435520 kB
SwapCached:        93680 kB
Active:          5735268 kB
Inactive:        9205780 kB
Active(anon):    4234764 kB
Inactive(anon):  7267524 kB
Active(file):    1500504 kB
Inactive(file):  1938256 kB
Unevictable:          32 kB
Mlocked:              32 kB
SwapTotal:       4194300 kB
SwapFree:        2663024 kB
Zswap:                 0 kB
Zswapped:              0 kB
Dirty:            128760 kB
Writeback:             0 kB
AnonPages:      11441564 kB
Mapped:          1421700 kB
Shmem:             96060 kB
KReclaimable:     345752 kB
Slab:             625332 kB
SReclaimable:     345752 kB
SUnreclaim:       279580 kB
KernelStack:       28128 kB
PageTables:        76844 kB
SecPageTables:      2260 kB
NFS_Unstable:          0 kB
Bounce:                0 kB
WritebackTmp:          0 kB
CommitLimit:    12345760 kB
Committed_AS:   27605900 kB
VmallocTotal:   34359738367 kB
VmallocUsed:       84540 kB
VmallocChunk:          0 kB
Percpu:            10080 kB
HardwareCorrupted:     0 kB
AnonHugePages:         0 kB
ShmemHugePages:        0 kB
ShmemPmdMapped:        0 kB
FileHugePages:         0 kB
FilePmdMapped:         0 kB
Unaccepted:            0 kB
HugePages_Total:       0
HugePages_Free:        0
HugePages_Rsvd:        0
HugePages_Surp:        0
Hugepagesize:       2048 kB
Hugetlb:               0 kB
DirectMap4k:      362188 kB
DirectMap2M:    13197312 kB
DirectMap1G:     4194304 kB

/sys/kernel/mm/transparent_hugepage/enabled: always [madvise] never
/sys/kernel/mm/transparent_hugepage/hpage_pmd_size: 2097152
/sys/kernel/mm/transparent_hugepage/defrag (defrag/compaction efforts parameter): always defer defer+madvise [madvise] never

Process Memory:
Virtual Size: 10181304K (peak: 10236196K)
Resident Set Size: 757652K (peak: 757652K) (anon: 723432K, file: 34220K, shmem: 0K)
Swapped out: 0K
C-Heap outstanding allocations: 171231K, retained: 48176K
glibc malloc tunables: (default)

/proc/sys/kernel/threads-max (system-wide limit on the number of threads): 126730
/proc/sys/vm/max_map_count (maximum number of memory map areas a process may have): 1048576
/proc/sys/vm/swappiness (control to define how aggressively the kernel swaps out anonymous memory): 60
/proc/sys/kernel/pid_max (system-wide limit on number of process identifiers): 4194304

container information not found.
Steal ticks since vm start: 0
Steal ticks percentage since vm start:  0.000

CPU: total 12 (initial active 12) (6 cores per cpu, 2 threads per core) family 6 model 165 stepping 3 microcode 0x100, cx8, cmov, fxsr, ht, mmx, 3dnowpref, sse, sse2, sse3, ssse3, sse4.1, sse4.2, popcnt, lzcnt, tsc, tscinvbit, avx, avx2, aes, erms, clmul, bmi1, bmi2, adx, fma, vzeroupper, clflush, clflushopt, rdtscp, f16c
CPU Model and flags from /proc/cpuinfo:
model name	: Intel(R) Core(TM) i5-10400F CPU @ 2.90GHz
flags		: fpu vme de pse tsc msr pae mce cx8 apic sep mtrr pge mca cmov pat pse36 clflush dts acpi mmx fxsr sse sse2 ss ht tm pbe syscall nx pdpe1gb rdtscp lm constant_tsc art arch_perfmon pebs bts rep_good nopl xtopology nonstop_tsc cpuid aperfmperf pni pclmulqdq dtes64 monitor ds_cpl vmx est tm2 ssse3 sdbg fma cx16 xtpr pdcm pcid sse4_1 sse4_2 x2apic movbe popcnt tsc_deadline_timer aes xsave avx f16c rdrand lahf_lm abm 3dnowprefetch cpuid_fault ssbd ibrs ibpb stibp ibrs_enhanced tpr_shadow flexpriority ept vpid ept_ad fsgsbase tsc_adjust bmi1 avx2 smep bmi2 erms invpcid mpx rdseed adx smap clflushopt intel_pt xsaveopt xsavec xgetbv1 xsaves dtherm ida arat pln pts hwp hwp_notify hwp_act_window hwp_epp vnmi md_clear flush_l1d arch_capabilities

Online cpus: 0-11
Offline cpus: 
BIOS frequency limitation: <Not Available>
Frequency switch latency (ns): 0
Available cpu frequencies: <Not Available>
Current governor: powersave
Core performance/turbo boost: <Not Available>

Memory: 4k page, physical 16302924k(3646848k free), swap 4194300k(2663024k free)
Page Sizes: 4k

vm_info: OpenJDK 64-Bit Server VM (21.0.7+-13880790-b1038.58) for linux-amd64 JRE (21.0.7+-13880790-b1038.58), built on 2025-08-04T20:54:25Z by "builder" with clang Android (13290119, +pgo, +bolt, +lto, +mlgo, based on r547379) Clang 20.0.0 (https://android.googlesource.com/toolchain/llvm-project b718bcaf8c198c82f3021447d943401e3ab5bd54)

END.
